AVAPS-LOG,UTC Date & Time,Session Time,Channel,Event or Error Message,Calling Context
AVAPS-LOG,2024-09-26 11:33:46.410Z,0.000,,*** AVAPS II SYSTEM LOG FILE ***
AVAPS-LOG,2024-09-26 11:34:04.202Z,17.792,,Serial port initialization complete: no errors.
AVAPS-LOG,2024-09-26 11:34:08.446Z,22.036,,GPS Reference Receiver UART 1 configuration commands sent
AVAPS-LOG,2024-09-26 11:34:12.855Z,26.445,,GPS Reference Receiver UART 2 configuration commands sent
AVAPS-LOG,2024-09-26 11:34:18.531Z,32.121,,Serial port initialization complete: no errors.
AVAPS-LOG,2024-09-26 11:34:25.158Z,38.748,,PC Clock set to: 2024-09-26 11:34:25.152 using GPS Reference Receiver data - PC Clock error was: -4.099 sec
AVAPS-LOG,2024-09-26 11:35:23.051Z,96.641,,Automated System Tests:  No Errors Detected...
AVAPS-LOG,2024-09-26 11:35:23.060Z,96.650,,Aircraft Data Acq program started
AVAPS-LOG,2024-09-26 11:35:23.061Z,96.651,,Spectrum Analyzer program started
AVAPS-LOG,2024-09-26 11:35:23.061Z,96.651,,Spectrum Analyzer Data Acq data log file created
AVAPS-LOG,2024-09-26 11:35:23.103Z,96.693,,Sounding Supervisor program started
AVAPS-LOG,2024-09-26 11:35:23.373Z,96.963,,GPS Reference Receiver (NMEA) data log file created
AVAPS-LOG,2024-09-26 11:35:23.373Z,96.963,,GPS Reference Data Acq (NMEA) program started
AVAPS-LOG,2024-09-26 11:35:23.374Z,96.964,,Aircraft Data Acq data log file created
AVAPS-LOG,2024-09-26 11:35:24.131Z,97.720,,PC Clock set to: 2024-09-26 11:35:24.130 using GPS Reference Receiver data - PC Clock error was: -0.010 sec
AVAPS-LOG,2024-09-26 11:35:41.160Z,114.749,1,Sounding START request
AVAPS-LOG,2024-09-26 11:35:41.565Z,115.154,1,Sounding files created
AVAPS-LOG,2024-09-26 11:35:42.151Z,115.741,,PC Clock set to: 2024-09-26 11:35:42.150 using GPS Reference Receiver data - PC Clock error was: -0.020 sec
AVAPS-LOG,2024-09-26 11:36:16.979Z,150.569,,Sounding pre-launch program aborted by operator
AVAPS-LOG,2024-09-26 11:36:17.179Z,150.769,1,Sounding frequency 403.00 selected by operator
AVAPS-LOG,2024-09-26 11:36:18.165Z,151.755,1,Sounding files closed
AVAPS-LOG,2024-09-26 11:36:18.166Z,151.756,1,Sounding files deleted
AVAPS-LOG,2024-09-26 11:36:18.167Z,151.757,1,Sounding ENDED
AVAPS-LOG,2024-09-26 11:45:16.595Z,690.185,1,Sounding START request
AVAPS-LOG,2024-09-26 11:45:16.985Z,690.575,1,Sounding files created
AVAPS-LOG,2024-09-26 11:45:13.149Z,686.738,,PC Clock set to: 2024-09-26 11:45:13.149 using GPS Reference Receiver data - PC Clock error was: 4.062 sec
AVAPS-LOG,2024-09-26 11:45:18.414Z,692.004,,Sounding pre-launch program aborted by operator
AVAPS-LOG,2024-09-26 11:45:18.518Z,692.108,1,Sounding frequency 403.00 selected by operator
AVAPS-LOG,2024-09-26 11:45:18.777Z,692.367,1,Sounding files closed
AVAPS-LOG,2024-09-26 11:45:18.779Z,692.369,1,Sounding files deleted
AVAPS-LOG,2024-09-26 11:45:18.779Z,692.369,1,Sounding ENDED
AVAPS-LOG,2024-09-26 11:53:10.165Z,1163.755,1,Sounding START request
AVAPS-LOG,2024-09-26 11:53:10.523Z,1164.112,1,Sounding files created
AVAPS-LOG,2024-09-26 11:53:11.157Z,1164.747,,PC Clock set to: 2024-09-26 11:53:11.157 using GPS Reference Receiver data - PC Clock error was: -0.029 sec
AVAPS-LOG,2024-09-26 12:00:56.646Z,1630.236,1,Sounding frequency 400.20 selected by operator
AVAPS-LOG,2024-09-26 12:01:27.647Z,1661.237,,Sonde 233330972 GPS Aiding OK for all 12 of 12 messages.
AVAPS-LOG,2024-09-26 12:01:47.505Z,1681.095,1,Sonde 233330972 factory pressure error value is 0.000 mb
AVAPS-LOG,2024-09-26 12:01:49.316Z,1682.906,1,Sonde 233330972 Preview OK by operator
AVAPS-LOG,2024-09-26 12:01:51.946Z,1685.536,1,Sounding data collection started by operator
AVAPS-LOG,2024-09-26 12:02:01.047Z,1694.637,1,CHANNEL 1 READY for launch
AVAPS-LOG,2024-09-26 12:02:21.346Z,1714.936,2,Sounding START request
AVAPS-LOG,2024-09-26 12:02:21.752Z,1715.342,2,Sounding files created
AVAPS-LOG,2024-09-26 12:02:29.546Z,1723.136,2,Sounding frequency 400.60 selected by operator
AVAPS-LOG,2024-09-26 12:02:41.256Z,1734.845,,Sonde 233410942 GPS Aiding OK for all 12 of 12 messages.
AVAPS-LOG,2024-09-26 12:02:49.756Z,1743.346,2,Sonde 233410942 factory pressure error value is 0.000 mb
AVAPS-LOG,2024-09-26 12:02:51.579Z,1745.169,2,Sonde 233410942 Preview OK by operator
AVAPS-LOG,2024-09-26 12:02:53.947Z,1747.537,2,Sounding data collection started by operator
AVAPS-LOG,2024-09-26 12:03:03.047Z,1756.637,2,CHANNEL 2 READY for launch
AVAPS-LOG,2024-09-26 12:04:41.052Z,1854.642,1,Sounding STOP request
AVAPS-LOG,2024-09-26 12:04:44.218Z,1857.808,1,Sounding files closed
AVAPS-LOG,2024-09-26 12:04:44.220Z,1857.810,1,Sounding files deleted
AVAPS-LOG,2024-09-26 12:04:44.220Z,1857.810,1,Sounding ENDED
AVAPS-LOG,2024-09-26 12:04:46.751Z,1860.341,2,Sounding STOP request
AVAPS-LOG,2024-09-26 12:04:49.210Z,1862.800,2,Sounding files closed
AVAPS-LOG,2024-09-26 12:04:49.212Z,1862.802,2,Sounding files deleted
AVAPS-LOG,2024-09-26 12:04:49.213Z,1862.803,2,Sounding ENDED
AVAPS-LOG,2024-09-26 12:22:03.176Z,2896.766,1,Sounding START request
AVAPS-LOG,2024-09-26 12:22:03.552Z,2897.142,1,Sounding files created
AVAPS-LOG,2024-09-26 12:22:04.157Z,2897.747,,PC Clock set to: 2024-09-26 12:22:04.158 using GPS Reference Receiver data - PC Clock error was: -0.002 sec
AVAPS-LOG,2024-09-26 12:22:08.348Z,2901.938,1,Sounding frequency 400.20 selected by operator
AVAPS-LOG,2024-09-26 12:22:35.568Z,2929.158,,Sonde 233410942 GPS Aiding OK for all 12 of 12 messages.
AVAPS-LOG,2024-09-26 12:22:48.507Z,2942.097,1,Sonde 233410942 factory pressure error value is 0.000 mb
AVAPS-LOG,2024-09-26 12:22:50.319Z,2943.909,1,Sonde 233410942 Preview OK by operator
AVAPS-LOG,2024-09-26 12:22:52.748Z,2946.337,1,Sounding data collection started by operator
AVAPS-LOG,2024-09-26 12:23:02.047Z,2955.637,1,CHANNEL 1 READY for launch
AVAPS-LOG,2024-09-26 12:23:21.579Z,2975.169,2,Sounding START request
AVAPS-LOG,2024-09-26 12:23:21.952Z,2975.542,2,Sounding files created
AVAPS-LOG,2024-09-26 12:23:32.648Z,2986.238,2,Sounding frequency 401.40 selected by operator
AVAPS-LOG,2024-09-26 12:23:44.307Z,2997.897,,Sonde 233330972 GPS Aiding OK for all 12 of 12 messages.
AVAPS-LOG,2024-09-26 12:23:57.007Z,3010.597,2,Sonde 233330972 factory pressure error value is 0.000 mb
AVAPS-LOG,2024-09-26 12:23:58.827Z,3012.417,2,Sonde 233330972 Preview OK by operator
AVAPS-LOG,2024-09-26 12:24:00.348Z,3013.938,2,Sounding data collection started by operator
AVAPS-LOG,2024-09-26 12:24:10.048Z,3023.638,2,CHANNEL 2 READY for launch
AVAPS-LOG,2024-09-26 12:26:08.299Z,3141.889,1,Sonde 233410942 Launch Detect; Launch Time 2024-09-26 12:26:04.250; Dfile Name D20240926_122604.1
AVAPS-LOG,2024-09-26 12:26:08.304Z,3141.894,1,Sounding Launch Obs identified OK; LLA source is Aircraft Data System
AVAPS-LOG,2024-09-26 12:29:56.149Z,3369.738,3,Sounding START request
AVAPS-LOG,2024-09-26 12:29:56.553Z,3370.143,3,Sounding files created
AVAPS-LOG,2024-09-26 12:30:01.447Z,3375.037,3,Sounding frequency 401.80 selected by operator
AVAPS-LOG,2024-09-26 12:30:13.668Z,3387.258,,Sonde 233340703 GPS Aiding OK for all 12 of 12 messages.
AVAPS-LOG,2024-09-26 12:30:29.258Z,3402.848,3,Sonde 233340703 factory pressure error value is 0.000 mb
AVAPS-LOG,2024-09-26 12:30:31.081Z,3404.671,3,Sonde 233340703 Preview OK by operator
AVAPS-LOG,2024-09-26 12:30:33.747Z,3407.337,3,Sounding data collection started by operator
AVAPS-LOG,2024-09-26 12:30:43.047Z,3416.637,3,CHANNEL 3 READY for launch
AVAPS-LOG,2024-09-26 12:31:14.299Z,3447.889,2,Sonde 233330972 Launch Detect; Launch Time 2024-09-26 12:31:10.250; Dfile Name D20240926_123110.2
AVAPS-LOG,2024-09-26 12:31:14.299Z,3447.889,2,Sounding Launch Obs identified OK; LLA source is Aircraft Data System
AVAPS-LOG,2024-09-26 12:31:43.756Z,3477.346,4,Sounding START request
AVAPS-LOG,2024-09-26 12:31:44.155Z,3477.745,4,Sounding files created
AVAPS-LOG,2024-09-26 12:31:51.448Z,3485.038,4,Sounding frequency 402.40 selected by operator
AVAPS-LOG,2024-09-26 12:32:03.167Z,3496.757,,Sonde 233340715 GPS Aiding OK for all 12 of 12 messages.
AVAPS-LOG,2024-09-26 12:32:12.258Z,3505.848,4,Sonde 233340715 factory pressure error value is 0.000 mb
AVAPS-LOG,2024-09-26 12:32:14.078Z,3507.668,4,Sonde 233340715 Preview OK by operator
AVAPS-LOG,2024-09-26 12:32:15.949Z,3509.539,4,Sounding data collection started by operator
AVAPS-LOG,2024-09-26 12:32:25.049Z,3518.639,4,CHANNEL 4 READY for launch
AVAPS-LOG,2024-09-26 12:35:53.548Z,3727.138,3,Sonde 233340703 Launch Detect; Launch Time 2024-09-26 12:35:49.500; Dfile Name D20240926_123550.3
AVAPS-LOG,2024-09-26 12:35:53.549Z,3727.139,3,Sounding Launch Obs identified OK; LLA source is Aircraft Data System
AVAPS-LOG,2024-09-26 12:36:23.292Z,3756.882,5,Sounding START request
AVAPS-LOG,2024-09-26 12:36:23.555Z,3757.144,5,Sounding files created
AVAPS-LOG,2024-09-26 12:36:29.347Z,3762.937,5,Sounding frequency 403.40 selected by operator
AVAPS-LOG,2024-09-26 12:36:40.747Z,3774.337,,Sonde 233460719 GPS Aiding OK for all 11 of 11 messages.
AVAPS-LOG,2024-09-26 12:36:50.257Z,3783.847,5,Sonde 233460719 factory pressure error value is 0.000 mb
AVAPS-LOG,2024-09-26 12:36:52.071Z,3785.661,5,Sonde 233460719 Preview OK by operator
AVAPS-LOG,2024-09-26 12:37:01.447Z,3795.037,5,Sounding data collection started by operator
AVAPS-LOG,2024-09-26 12:37:11.048Z,3804.638,5,CHANNEL 5 READY for launch
AVAPS-LOG,2024-09-26 12:40:27.297Z,4000.887,4,Sonde 233340715 Launch Detect; Launch Time 2024-09-26 12:40:23.250; Dfile Name D20240926_124023.4
AVAPS-LOG,2024-09-26 12:40:27.298Z,4000.888,4,Sounding Launch Obs identified OK; LLA source is Aircraft Data System
AVAPS-LOG,2024-09-26 12:41:34.252Z,4067.842,6,Sounding START request
AVAPS-LOG,2024-09-26 12:41:34.554Z,4068.144,6,Sounding files created
AVAPS-LOG,2024-09-26 12:41:39.347Z,4072.937,6,Sounding frequency 403.80 selected by operator
AVAPS-LOG,2024-09-26 12:41:50.848Z,4084.437,,Sonde 233340179 GPS Aiding OK for all 11 of 11 messages.
AVAPS-LOG,2024-09-26 12:42:02.758Z,4096.348,6,Sonde 233340179 factory pressure error value is 0.000 mb
AVAPS-LOG,2024-09-26 12:42:04.589Z,4098.179,6,Sonde 233340179 Preview OK by operator
AVAPS-LOG,2024-09-26 12:42:07.048Z,4100.638,6,Sounding data collection started by operator
AVAPS-LOG,2024-09-26 12:42:17.048Z,4110.637,6,CHANNEL 6 READY for launch
AVAPS-LOG,2024-09-26 12:45:16.299Z,4289.889,5,Sonde 233460719 Launch Detect; Launch Time 2024-09-26 12:45:12.250; Dfile Name D20240926_124512.5
AVAPS-LOG,2024-09-26 12:45:16.299Z,4289.889,5,Sounding Launch Obs identified OK; LLA source is Aircraft Data System
AVAPS-LOG,2024-09-26 12:45:52.950Z,4326.540,1,Sounding STOP request
AVAPS-LOG,2024-09-26 12:46:11.029Z,4344.619,1,Sounding files closed
AVAPS-LOG,2024-09-26 12:46:11.044Z,4344.634,1,Sounding files renamed
AVAPS-LOG,2024-09-26 12:46:11.945Z,4345.535,1,Sounding ENDED
AVAPS-LOG,2024-09-26 12:46:31.149Z,4364.739,7,Sounding START request
AVAPS-LOG,2024-09-26 12:46:31.555Z,4365.144,7,Sounding files created
AVAPS-LOG,2024-09-26 12:46:37.848Z,4371.437,7,Sounding frequency 404.80 selected by operator
AVAPS-LOG,2024-09-26 12:46:49.248Z,4382.838,,Sonde 233340698 GPS Aiding OK for all 11 of 11 messages.
AVAPS-LOG,2024-09-26 12:46:54.759Z,4388.349,7,Sonde 233340698 factory pressure error value is 0.000 mb
AVAPS-LOG,2024-09-26 12:46:56.641Z,4390.230,7,Sonde 233340698 Preview OK by operator
AVAPS-LOG,2024-09-26 12:46:58.347Z,4391.937,7,Sounding data collection started by operator
AVAPS-LOG,2024-09-26 12:47:08.048Z,4401.638,7,CHANNEL 7 READY for launch
AVAPS-LOG,2024-09-26 12:49:36.213Z,4549.802,2,Sounding STOP request
AVAPS-LOG,2024-09-26 12:49:42.614Z,4556.204,2,Sounding files closed
AVAPS-LOG,2024-09-26 12:49:42.618Z,4556.208,2,Sounding files renamed
AVAPS-LOG,2024-09-26 12:49:43.531Z,4557.121,2,Sounding ENDED
AVAPS-LOG,2024-09-26 12:50:25.549Z,4599.139,6,Sonde 233340179 Launch Detect; Launch Time 2024-09-26 12:50:21.500; Dfile Name D20240926_125022.6
AVAPS-LOG,2024-09-26 12:50:25.549Z,4599.139,6,Sounding Launch Obs identified OK; LLA source is Aircraft Data System
AVAPS-LOG,2024-09-26 12:51:12.901Z,4646.491,8,Sounding START request
AVAPS-LOG,2024-09-26 12:51:13.154Z,4646.744,8,Sounding files created
AVAPS-LOG,2024-09-26 12:51:17.148Z,4650.738,8,Sounding frequency 405.20 selected by operator
AVAPS-LOG,2024-09-26 12:51:28.538Z,4662.128,,Sonde 233330971 GPS Aiding OK for all 11 of 11 messages.
AVAPS-LOG,2024-09-26 12:51:38.012Z,4671.602,8,Sonde 233330971 factory pressure error value is 0.000 mb
AVAPS-LOG,2024-09-26 12:51:39.831Z,4673.421,8,Sonde 233330971 Preview OK by operator
AVAPS-LOG,2024-09-26 12:51:42.248Z,4675.838,8,Sounding data collection started by operator
AVAPS-LOG,2024-09-26 12:51:52.049Z,4685.639,8,CHANNEL 8 READY for launch
AVAPS-LOG,2024-09-26 12:53:21.148Z,4774.738,3,Sounding STOP request
AVAPS-LOG,2024-09-26 12:53:27.825Z,4781.415,3,Sounding files closed
AVAPS-LOG,2024-09-26 12:53:27.831Z,4781.421,3,Sounding files renamed
AVAPS-LOG,2024-09-26 12:53:28.687Z,4782.277,3,Sounding ENDED
AVAPS-LOG,2024-09-26 12:56:28.299Z,4961.889,8,Sonde 233330971 Launch Detect; Launch Time 2024-09-26 12:56:24.250; Dfile Name D20240926_125624.8
AVAPS-LOG,2024-09-26 12:56:28.299Z,4961.889,8,Sounding Launch Obs identified OK; LLA source is Aircraft Data System
AVAPS-LOG,2024-09-26 12:56:56.203Z,4989.793,1,Sounding START request
AVAPS-LOG,2024-09-26 12:56:56.554Z,4990.144,1,Sounding files created
AVAPS-LOG,2024-09-26 12:57:02.648Z,4996.238,1,Sounding frequency 402.00 selected by operator
AVAPS-LOG,2024-09-26 12:57:14.148Z,5007.737,,Sonde 233340691 GPS Aiding OK for all 11 of 11 messages.
AVAPS-LOG,2024-09-26 12:57:18.759Z,5012.349,1,Sonde 233340691 factory pressure error value is 0.000 mb
AVAPS-LOG,2024-09-26 12:57:20.578Z,5014.168,1,Sonde 233340691 Preview OK by operator
AVAPS-LOG,2024-09-26 12:57:22.047Z,5015.637,1,Sounding data collection started by operator
AVAPS-LOG,2024-09-26 12:57:32.048Z,5025.638,1,CHANNEL 1 READY for launch
AVAPS-LOG,2024-09-26 12:57:48.060Z,5041.650,2,Sounding START request
AVAPS-LOG,2024-09-26 12:57:48.353Z,5041.943,2,Sounding files created
AVAPS-LOG,2024-09-26 12:57:53.448Z,5047.038,2,Sounding frequency 401.40 selected by operator
AVAPS-LOG,2024-09-26 12:58:04.958Z,5058.548,,Sonde 233330500 GPS Aiding OK for all 11 of 11 messages.
AVAPS-LOG,2024-09-26 12:58:16.260Z,5069.850,2,Sonde 233330500 factory pressure error value is 0.000 mb
AVAPS-LOG,2024-09-26 12:58:18.069Z,5071.659,2,Sonde 233330500 Preview OK by operator
AVAPS-LOG,2024-09-26 12:58:20.347Z,5073.937,2,Sounding data collection started by operator
AVAPS-LOG,2024-09-26 12:58:30.048Z,5083.638,2,CHANNEL 2 READY for launch
AVAPS-LOG,2024-09-26 12:59:28.284Z,5141.874,4,Sounding STOP request
AVAPS-LOG,2024-09-26 12:59:34.016Z,5147.606,4,Sounding files closed
AVAPS-LOG,2024-09-26 12:59:34.022Z,5147.612,4,Sounding files renamed
AVAPS-LOG,2024-09-26 12:59:34.934Z,5148.524,4,Sounding ENDED
AVAPS-LOG,2024-09-26 13:00:30.798Z,5204.388,1,Sonde 233340691 Launch Detect; Launch Time 2024-09-26 13:00:26.750; Dfile Name D20240926_130027.1
AVAPS-LOG,2024-09-26 13:00:30.823Z,5204.413,1,Sounding Launch Obs identified OK; LLA source is Aircraft Data System
AVAPS-LOG,2024-09-26 13:00:51.757Z,5225.347,5,Sounding STOP request
AVAPS-LOG,2024-09-26 13:00:58.413Z,5232.003,5,Sounding files closed
AVAPS-LOG,2024-09-26 13:00:58.417Z,5232.007,5,Sounding files renamed
AVAPS-LOG,2024-09-26 13:00:59.309Z,5232.899,5,Sounding ENDED
AVAPS-LOG,2024-09-26 13:05:11.548Z,5485.138,2,Sonde 233330500 Launch Detect; Launch Time 2024-09-26 13:05:07.500; Dfile Name D20240926_130508.2
AVAPS-LOG,2024-09-26 13:05:11.549Z,5485.139,2,Sounding Launch Obs identified OK; LLA source is Aircraft Data System
AVAPS-LOG,2024-09-26 13:05:42.749Z,5516.339,6,Sounding STOP request
AVAPS-LOG,2024-09-26 13:05:48.924Z,5522.514,6,Sounding files closed
AVAPS-LOG,2024-09-26 13:05:48.938Z,5522.528,6,Sounding files renamed
AVAPS-LOG,2024-09-26 13:05:49.763Z,5523.353,6,Sounding ENDED
AVAPS-LOG,2024-09-26 13:05:58.854Z,5532.444,7,Sounding STOP request
AVAPS-LOG,2024-09-26 13:06:05.831Z,5539.421,7,Sounding files closed
AVAPS-LOG,2024-09-26 13:06:05.849Z,5539.439,7,Sounding files renamed
AVAPS-LOG,2024-09-26 13:06:06.473Z,5540.063,7,Sounding ENDED
AVAPS-LOG,2024-09-26 13:06:43.750Z,5577.340,3,Sounding START request
AVAPS-LOG,2024-09-26 13:06:44.152Z,5577.742,3,Sounding files created
AVAPS-LOG,2024-09-26 13:06:48.548Z,5582.138,3,Sounding frequency 400.40 selected by operator
AVAPS-LOG,2024-09-26 13:07:00.198Z,5593.788,,Sonde 233330961 GPS Aiding OK for all 11 of 11 messages.
AVAPS-LOG,2024-09-26 13:07:09.507Z,5603.097,3,Sonde 233330961 factory pressure error value is 0.000 mb
AVAPS-LOG,2024-09-26 13:07:11.330Z,5604.920,3,Sonde 233330961 Preview OK by operator
AVAPS-LOG,2024-09-26 13:07:18.863Z,5612.453,3,Sounding data collection started by operator
AVAPS-LOG,2024-09-26 13:07:28.048Z,5621.638,3,CHANNEL 3 READY for launch
AVAPS-LOG,2024-09-26 13:09:48.799Z,5762.389,3,Sonde 233330961 Launch Detect; Launch Time 2024-09-26 13:09:44.750; Dfile Name D20240926_130945.3
AVAPS-LOG,2024-09-26 13:09:48.799Z,5762.389,3,Sounding Launch Obs identified OK; LLA source is Aircraft Data System
AVAPS-LOG,2024-09-26 13:10:43.613Z,5817.203,4,Sounding START request
AVAPS-LOG,2024-09-26 13:10:43.955Z,5817.545,4,Sounding files created
AVAPS-LOG,2024-09-26 13:10:54.848Z,5828.438,4,Sounding frequency 404.60 selected by operator
AVAPS-LOG,2024-09-26 13:11:06.347Z,5839.937,,Sonde 233341087 GPS Aiding OK for all 11 of 11 messages.
AVAPS-LOG,2024-09-26 13:11:19.007Z,5852.597,4,Sonde 233341087 factory pressure error value is 0.000 mb
AVAPS-LOG,2024-09-26 13:11:20.828Z,5854.418,4,Sonde 233341087 Preview OK by operator
AVAPS-LOG,2024-09-26 13:11:24.449Z,5858.039,4,Sounding data collection started by operator
AVAPS-LOG,2024-09-26 13:11:34.047Z,5867.637,4,CHANNEL 4 READY for launch
AVAPS-LOG,2024-09-26 13:11:43.817Z,5877.407,8,Sounding STOP request
AVAPS-LOG,2024-09-26 13:11:49.918Z,5883.507,8,Sounding files closed
AVAPS-LOG,2024-09-26 13:11:49.933Z,5883.522,8,Sounding files renamed
AVAPS-LOG,2024-09-26 13:11:50.736Z,5884.325,8,Sounding ENDED
AVAPS-LOG,2024-09-26 13:14:38.299Z,6051.889,4,Sonde 233341087 Launch Detect; Launch Time 2024-09-26 13:14:34.250; Dfile Name D20240926_131434.4
AVAPS-LOG,2024-09-26 13:14:38.299Z,6051.889,4,Sounding Launch Obs identified OK; LLA source is Aircraft Data System
AVAPS-LOG,2024-09-26 13:15:32.962Z,6106.552,5,Sounding START request
AVAPS-LOG,2024-09-26 13:15:33.352Z,6106.942,5,Sounding files created
AVAPS-LOG,2024-09-26 13:15:37.047Z,6110.637,5,Sounding frequency 405.60 selected by operator
AVAPS-LOG,2024-09-26 13:15:49.377Z,6122.967,,Sonde 233330969 GPS Aiding OK for all 12 of 12 messages.
AVAPS-LOG,2024-09-26 13:16:04.006Z,6137.596,5,Sonde 233330969 factory pressure error value is 0.000 mb
AVAPS-LOG,2024-09-26 13:16:05.819Z,6139.409,5,Sonde 233330969 Preview OK by operator
AVAPS-LOG,2024-09-26 13:16:08.898Z,6142.488,5,Sounding data collection started by operator
AVAPS-LOG,2024-09-26 13:16:18.048Z,6151.638,5,CHANNEL 5 READY for launch
AVAPS-LOG,2024-09-26 13:18:19.215Z,6272.805,1,Sounding STOP request
AVAPS-LOG,2024-09-26 13:18:25.431Z,6279.021,1,Sounding files closed
AVAPS-LOG,2024-09-26 13:18:25.436Z,6279.026,1,Sounding files renamed
AVAPS-LOG,2024-09-26 13:18:26.243Z,6279.833,1,Sounding ENDED
AVAPS-LOG,2024-09-26 13:21:21.612Z,6455.202,6,Sounding START request
AVAPS-LOG,2024-09-26 13:21:21.955Z,6455.545,6,Sounding files created
AVAPS-LOG,2024-09-26 13:21:27.648Z,6461.238,6,Sounding frequency 405.00 selected by operator
AVAPS-LOG,2024-09-26 13:21:39.257Z,6472.847,,Sonde 233460720 GPS Aiding OK for all 12 of 12 messages.
AVAPS-LOG,2024-09-26 13:21:43.008Z,6476.597,6,Sonde 233460720 factory pressure error value is 0.000 mb
AVAPS-LOG,2024-09-26 13:21:44.820Z,6478.410,6,Sonde 233460720 Preview OK by operator
AVAPS-LOG,2024-09-26 13:21:47.849Z,6481.439,6,Sounding data collection started by operator
AVAPS-LOG,2024-09-26 13:21:57.049Z,6490.639,6,CHANNEL 6 READY for launch
AVAPS-LOG,2024-09-26 13:22:11.388Z,6504.978,7,Sounding START request
AVAPS-LOG,2024-09-26 13:22:11.755Z,6505.344,7,Sounding files created
AVAPS-LOG,2024-09-26 13:22:16.748Z,6510.338,7,Sounding frequency 404.00 selected by operator
AVAPS-LOG,2024-09-26 13:22:36.857Z,6530.447,,Sonde 211010204 GPS Aiding OK for all 12 of 12 messages.
AVAPS-LOG,2024-09-26 13:22:47.760Z,6541.350,7,Sonde 211010204 factory pressure error value is 0.000 mb
AVAPS-LOG,2024-09-26 13:22:49.582Z,6543.172,7,Sonde 211010204 Preview OK by operator
AVAPS-LOG,2024-09-26 13:22:52.448Z,6546.038,7,Sounding data collection started by operator
AVAPS-LOG,2024-09-26 13:23:02.048Z,6555.638,7,CHANNEL 7 READY for launch
AVAPS-LOG,2024-09-26 13:25:48.357Z,6721.947,2,Sounding STOP request
AVAPS-LOG,2024-09-26 13:25:53.937Z,6727.527,2,Sounding files closed
AVAPS-LOG,2024-09-26 13:25:53.943Z,6727.533,2,Sounding files renamed
AVAPS-LOG,2024-09-26 13:25:54.837Z,6728.427,2,Sounding ENDED
AVAPS-LOG,2024-09-26 13:25:59.180Z,6732.770,3,Sounding STOP request
AVAPS-LOG,2024-09-26 13:26:05.413Z,6739.002,3,Sounding files closed
AVAPS-LOG,2024-09-26 13:26:05.417Z,6739.006,3,Sounding files renamed
AVAPS-LOG,2024-09-26 13:26:06.277Z,6739.866,3,Sounding ENDED
AVAPS-LOG,2024-09-26 13:31:04.798Z,7038.388,6,Sonde 233460720 Launch Detect; Launch Time 2024-09-26 13:31:00.750; Dfile Name D20240926_133101.6
AVAPS-LOG,2024-09-26 13:31:04.798Z,7038.388,6,Sounding Launch Obs identified OK; LLA source is Aircraft Data System
AVAPS-LOG,2024-09-26 13:32:07.254Z,7100.844,5,Sounding STOP request
AVAPS-LOG,2024-09-26 13:32:16.827Z,7110.417,5,Sounding files closed
AVAPS-LOG,2024-09-26 13:32:16.832Z,7110.422,5,Sounding files renamed
AVAPS-LOG,2024-09-26 13:32:17.212Z,7110.802,5,Sounding ENDED
AVAPS-LOG,2024-09-26 13:32:20.573Z,7114.163,4,Sounding STOP request
AVAPS-LOG,2024-09-26 13:32:26.887Z,7120.477,4,Sounding files closed
AVAPS-LOG,2024-09-26 13:32:26.893Z,7120.483,4,Sounding files renamed
AVAPS-LOG,2024-09-26 13:32:27.707Z,7121.297,4,Sounding ENDED
AVAPS-LOG,2024-09-26 13:33:53.332Z,7206.922,8,Sounding START request
AVAPS-LOG,2024-09-26 13:33:53.555Z,7207.145,8,Sounding files created
AVAPS-LOG,2024-09-26 13:33:58.148Z,7211.738,8,Sounding frequency 402.40 selected by operator
AVAPS-LOG,2024-09-26 13:34:09.808Z,7223.398,,Sonde 230230290 GPS Aiding OK for all 12 of 12 messages.
AVAPS-LOG,2024-09-26 13:34:16.758Z,7230.348,8,Sonde 230230290 factory pressure error value is 0.000 mb
AVAPS-LOG,2024-09-26 13:34:18.581Z,7232.171,8,Sonde 230230290 Preview OK by operator
AVAPS-LOG,2024-09-26 13:34:20.947Z,7234.537,8,Sounding data collection started by operator
AVAPS-LOG,2024-09-26 13:34:30.048Z,7243.637,8,CHANNEL 8 READY for launch
AVAPS-LOG,2024-09-26 13:36:16.549Z,7350.139,7,Sonde 211010204 Launch Detect; Launch Time 2024-09-26 13:36:12.500; Dfile Name D20240926_133612.7
AVAPS-LOG,2024-09-26 13:36:16.549Z,7350.139,7,Sounding Launch Obs identified OK; LLA source is Aircraft Data System
AVAPS-LOG,2024-09-26 13:36:38.350Z,7371.939,1,Sounding START request
AVAPS-LOG,2024-09-26 13:36:38.754Z,7372.344,1,Sounding files created
AVAPS-LOG,2024-09-26 13:36:44.348Z,7377.938,1,Sounding frequency 401.80 selected by operator
AVAPS-LOG,2024-09-26 13:36:56.159Z,7389.749,,Sonde 233330964 GPS Aiding OK for all 12 of 12 messages.
AVAPS-LOG,2024-09-26 13:37:04.778Z,7398.368,1,Sonde 233330964 factory pressure error value is 0.000 mb
AVAPS-LOG,2024-09-26 13:37:06.601Z,7400.191,1,Sonde 233330964 Preview OK by operator
AVAPS-LOG,2024-09-26 13:37:09.048Z,7402.638,1,Sounding data collection started by operator
AVAPS-LOG,2024-09-26 13:37:19.048Z,7412.637,1,CHANNEL 1 READY for launch
AVAPS-LOG,2024-09-26 13:41:04.050Z,7637.640,8,Sonde 230230290 Launch Detect; Launch Time 2024-09-26 13:41:00.000; Dfile Name D20240926_134100.8
AVAPS-LOG,2024-09-26 13:41:04.051Z,7637.641,8,Sounding Launch Obs identified OK; LLA source is Aircraft Data System
AVAPS-LOG,2024-09-26 13:42:04.749Z,7698.338,2,Sounding START request
AVAPS-LOG,2024-09-26 13:42:05.153Z,7698.743,2,Sounding files created
AVAPS-LOG,2024-09-26 13:42:10.648Z,7704.238,2,Sounding frequency 400.40 selected by operator
AVAPS-LOG,2024-09-26 13:42:22.038Z,7715.628,,Sonde 233340791 GPS Aiding OK for all 11 of 11 messages.
AVAPS-LOG,2024-09-26 13:42:28.761Z,7722.351,2,Sonde 233340791 factory pressure error value is 0.000 mb
AVAPS-LOG,2024-09-26 13:42:30.579Z,7724.169,2,Sonde 233340791 Preview OK by operator
AVAPS-LOG,2024-09-26 13:42:35.948Z,7729.538,2,Sounding data collection started by operator
AVAPS-LOG,2024-09-26 13:42:45.050Z,7738.640,2,CHANNEL 2 READY for launch
AVAPS-LOG,2024-09-26 13:45:53.048Z,7926.638,1,Sonde 233330964 Launch Detect; Launch Time 2024-09-26 13:45:49.000; Dfile Name D20240926_134549.1
AVAPS-LOG,2024-09-26 13:45:53.049Z,7926.639,1,Sounding Launch Obs identified OK; LLA source is Aircraft Data System
AVAPS-LOG,2024-09-26 13:47:22.148Z,8015.738,3,Sounding START request
AVAPS-LOG,2024-09-26 13:47:22.556Z,8016.146,3,Sounding files created
AVAPS-LOG,2024-09-26 13:47:30.848Z,8024.438,3,Sounding frequency 403.40 selected by operator
AVAPS-LOG,2024-09-26 13:47:42.149Z,8035.739,,Sonde 233140488 GPS Aiding OK for all 11 of 11 messages.
AVAPS-LOG,2024-09-26 13:47:48.507Z,8042.097,3,Sonde 233140488 factory pressure error value is 0.000 mb
AVAPS-LOG,2024-09-26 13:47:50.319Z,8043.909,3,Sonde 233140488 Preview OK by operator
AVAPS-LOG,2024-09-26 13:47:51.947Z,8045.537,3,Sounding data collection started by operator
AVAPS-LOG,2024-09-26 13:48:01.048Z,8054.638,3,CHANNEL 3 READY for launch
AVAPS-LOG,2024-09-26 13:50:41.548Z,8215.138,2,Sonde 233340791 Launch Detect; Launch Time 2024-09-26 13:50:37.500; Dfile Name D20240926_135038.2
AVAPS-LOG,2024-09-26 13:50:41.549Z,8215.139,2,Sounding Launch Obs identified OK; LLA source is Aircraft Data System
AVAPS-LOG,2024-09-26 13:51:08.958Z,8242.548,6,Sounding STOP request
AVAPS-LOG,2024-09-26 13:51:16.613Z,8250.202,6,Sounding files closed
AVAPS-LOG,2024-09-26 13:51:16.618Z,8250.207,6,Sounding files renamed
AVAPS-LOG,2024-09-26 13:51:17.541Z,8251.130,6,Sounding ENDED
AVAPS-LOG,2024-09-26 13:51:21.396Z,8254.986,7,Sounding STOP request
AVAPS-LOG,2024-09-26 13:51:26.938Z,8260.527,7,Sounding files closed
AVAPS-LOG,2024-09-26 13:51:26.942Z,8260.531,7,Sounding files renamed
AVAPS-LOG,2024-09-26 13:51:27.802Z,8261.391,7,Sounding ENDED
AVAPS-LOG,2024-09-26 13:51:54.748Z,8288.338,4,Sounding START request
AVAPS-LOG,2024-09-26 13:51:55.155Z,8288.745,4,Sounding files created
AVAPS-LOG,2024-09-26 13:51:58.748Z,8292.338,4,Sounding frequency 403.80 selected by operator
AVAPS-LOG,2024-09-26 13:52:10.028Z,8303.618,,Sonde 230230287 GPS Aiding OK for all 10 of 10 messages.
AVAPS-LOG,2024-09-26 13:52:17.007Z,8310.597,4,Sonde 230230287 factory pressure error value is 0.000 mb
AVAPS-LOG,2024-09-26 13:52:18.829Z,8312.419,4,Sonde 230230287 Preview OK by operator
AVAPS-LOG,2024-09-26 13:52:37.548Z,8331.138,4,Sounding data collection started by operator
AVAPS-LOG,2024-09-26 13:52:47.049Z,8340.639,4,CHANNEL 4 READY for launch
AVAPS-LOG,2024-09-26 13:55:30.799Z,8504.388,3,Sonde 233140488 Launch Detect; Launch Time 2024-09-26 13:55:26.750; Dfile Name D20240926_135527.3
AVAPS-LOG,2024-09-26 13:55:30.822Z,8504.411,3,Sounding Launch Obs identified OK; LLA source is Aircraft Data System
AVAPS-LOG,2024-09-26 13:57:09.950Z,8603.540,8,Sounding STOP request
AVAPS-LOG,2024-09-26 13:57:17.936Z,8611.526,8,Sounding files closed
AVAPS-LOG,2024-09-26 13:57:17.941Z,8611.531,8,Sounding files renamed
AVAPS-LOG,2024-09-26 13:57:18.738Z,8612.328,8,Sounding ENDED
AVAPS-LOG,2024-09-26 13:58:19.926Z,8673.516,5,Sounding START request
AVAPS-LOG,2024-09-26 13:58:20.154Z,8673.744,5,Sounding files created
AVAPS-LOG,2024-09-26 13:58:25.349Z,8678.939,5,Sounding frequency 404.40 selected by operator
AVAPS-LOG,2024-09-26 13:58:37.338Z,8690.927,,Sonde 211010850 GPS Aiding OK for all 10 of 10 messages.
AVAPS-LOG,2024-09-26 13:58:42.006Z,8695.596,5,Sonde 211010850 factory pressure error value is 0.000 mb
AVAPS-LOG,2024-09-26 13:58:43.831Z,8697.421,5,Sonde 211010850 Preview OK by operator
AVAPS-LOG,2024-09-26 13:58:46.249Z,8699.839,5,Sounding data collection started by operator
AVAPS-LOG,2024-09-26 13:58:56.047Z,8709.637,5,CHANNEL 5 READY for launch
AVAPS-LOG,2024-09-26 14:00:33.798Z,8807.387,4,Sonde 230230287 Launch Detect; Launch Time 2024-09-26 14:00:29.750; Dfile Name D20240926_140030.4
AVAPS-LOG,2024-09-26 14:00:33.817Z,8807.406,4,Sounding Launch Obs identified OK; LLA source is Aircraft Data System
AVAPS-LOG,2024-09-26 14:01:27.958Z,8861.548,6,Sounding START request
AVAPS-LOG,2024-09-26 14:01:28.354Z,8861.943,6,Sounding files created
AVAPS-LOG,2024-09-26 14:01:33.848Z,8867.438,6,Sounding frequency 405.00 selected by operator
AVAPS-LOG,2024-09-26 14:01:45.098Z,8878.688,,Sonde 211010849 GPS Aiding OK for all 10 of 10 messages.
AVAPS-LOG,2024-09-26 14:01:49.258Z,8882.848,6,Sonde 211010849 factory pressure error value is 0.000 mb
AVAPS-LOG,2024-09-26 14:01:51.077Z,8884.667,6,Sonde 211010849 Preview OK by operator
AVAPS-LOG,2024-09-26 14:02:22.247Z,8915.837,6,Sounding data collection started by operator
AVAPS-LOG,2024-09-26 14:02:32.049Z,8925.639,6,CHANNEL 6 READY for launch
AVAPS-LOG,2024-09-26 14:03:36.748Z,8990.338,1,Sounding STOP request
AVAPS-LOG,2024-09-26 14:03:43.022Z,8996.612,1,Sounding files closed
AVAPS-LOG,2024-09-26 14:03:43.027Z,8996.617,1,Sounding files renamed
AVAPS-LOG,2024-09-26 14:03:43.895Z,8997.485,1,Sounding ENDED
AVAPS-LOG,2024-09-26 14:05:06.805Z,9080.395,5,Sonde 211010850 Launch Detect; Launch Time 2024-09-26 14:05:02.750; Dfile Name D20240926_140503.5
AVAPS-LOG,2024-09-26 14:05:06.806Z,9080.396,5,Sounding Launch Obs identified OK; LLA source is Aircraft Data System
AVAPS-LOG,2024-09-26 14:05:37.902Z,9111.492,7,Sounding START request
AVAPS-LOG,2024-09-26 14:05:38.155Z,9111.745,7,Sounding files created
AVAPS-LOG,2024-09-26 14:05:43.147Z,9116.737,7,Sounding frequency 405.80 selected by operator
AVAPS-LOG,2024-09-26 14:05:55.128Z,9128.718,,Sonde 233331500 GPS Aiding OK for all 10 of 10 messages.
AVAPS-LOG,2024-09-26 14:06:04.006Z,9137.596,7,Sonde 233331500 factory pressure error value is 0.000 mb
AVAPS-LOG,2024-09-26 14:06:05.828Z,9139.418,7,Sonde 233331500 Preview OK by operator
AVAPS-LOG,2024-09-26 14:06:08.248Z,9141.837,7,Sounding data collection started by operator
AVAPS-LOG,2024-09-26 14:06:18.047Z,9151.637,7,CHANNEL 7 READY for launch
AVAPS-LOG,2024-09-26 14:06:42.303Z,9175.893,2,Sounding STOP request
AVAPS-LOG,2024-09-26 14:06:47.817Z,9181.407,2,Sounding files closed
AVAPS-LOG,2024-09-26 14:06:47.822Z,9181.412,2,Sounding files renamed
AVAPS-LOG,2024-09-26 14:06:48.712Z,9182.302,2,Sounding ENDED
AVAPS-LOG,2024-09-26 14:09:47.548Z,9361.138,6,Sonde 211010849 Launch Detect; Launch Time 2024-09-26 14:09:43.500; Dfile Name D20240926_140944.6
AVAPS-LOG,2024-09-26 14:09:47.549Z,9361.139,6,Sounding Launch Obs identified OK; LLA source is Aircraft Data System
AVAPS-LOG,2024-09-26 14:11:07.186Z,9440.776,8,Sounding START request
AVAPS-LOG,2024-09-26 14:11:07.554Z,9441.144,8,Sounding files created
AVAPS-LOG,2024-09-26 14:11:13.548Z,9447.138,8,Sounding frequency 402.60 selected by operator
AVAPS-LOG,2024-09-26 14:11:25.158Z,9458.748,,Sonde 233331422 GPS Aiding OK for all 10 of 10 messages.
AVAPS-LOG,2024-09-26 14:11:34.506Z,9468.096,8,Sonde 233331422 factory pressure error value is 0.000 mb
AVAPS-LOG,2024-09-26 14:11:36.321Z,9469.911,8,Sonde 233331422 Preview OK by operator
AVAPS-LOG,2024-09-26 14:11:38.247Z,9471.837,8,Sounding data collection started by operator
AVAPS-LOG,2024-09-26 14:11:48.048Z,9481.637,8,CHANNEL 8 READY for launch
AVAPS-LOG,2024-09-26 14:12:45.752Z,9539.341,3,Sounding STOP request
AVAPS-LOG,2024-09-26 14:12:53.611Z,9547.201,3,Sounding files closed
AVAPS-LOG,2024-09-26 14:12:53.616Z,9547.206,3,Sounding files renamed
AVAPS-LOG,2024-09-26 14:12:54.516Z,9548.106,3,Sounding ENDED
AVAPS-LOG,2024-09-26 14:14:36.800Z,9650.390,7,Sonde 233331500 Launch Detect; Launch Time 2024-09-26 14:14:32.750; Dfile Name D20240926_141433.7
AVAPS-LOG,2024-09-26 14:14:36.800Z,9650.390,7,Sounding Launch Obs identified OK; LLA source is Aircraft Data System
AVAPS-LOG,2024-09-26 14:15:13.551Z,9687.141,1,Sounding START request
AVAPS-LOG,2024-09-26 14:15:13.954Z,9687.544,1,Sounding files created
AVAPS-LOG,2024-09-26 14:15:18.249Z,9691.839,1,Sounding frequency 402.00 selected by operator
AVAPS-LOG,2024-09-26 14:15:29.457Z,9703.047,,Sonde 233340190 GPS Aiding OK for all 10 of 10 messages.
AVAPS-LOG,2024-09-26 14:15:33.258Z,9706.848,1,Sonde 233340190 factory pressure error value is 0.000 mb
AVAPS-LOG,2024-09-26 14:15:35.079Z,9708.669,1,Sonde 233340190 Preview OK by operator
AVAPS-LOG,2024-09-26 14:15:46.147Z,9719.737,1,Sounding data collection started by operator
AVAPS-LOG,2024-09-26 14:15:56.048Z,9729.638,1,CHANNEL 1 READY for launch
AVAPS-LOG,2024-09-26 14:16:19.159Z,9752.749,4,Sounding STOP request
AVAPS-LOG,2024-09-26 14:16:27.412Z,9761.002,4,Sounding files closed
AVAPS-LOG,2024-09-26 14:16:27.417Z,9761.007,4,Sounding files renamed
AVAPS-LOG,2024-09-26 14:16:28.284Z,9761.874,4,Sounding ENDED
AVAPS-LOG,2024-09-26 14:17:35.102Z,9828.692,5,Sounding STOP request
AVAPS-LOG,2024-09-26 14:17:40.218Z,9833.807,5,Sounding files closed
AVAPS-LOG,2024-09-26 14:17:40.223Z,9833.812,5,Sounding files renamed
AVAPS-LOG,2024-09-26 14:17:40.901Z,9834.490,5,Sounding ENDED
AVAPS-LOG,2024-09-26 14:19:28.299Z,9941.889,8,Sonde 233331422 Launch Detect; Launch Time 2024-09-26 14:19:24.250; Dfile Name D20240926_141924.8
AVAPS-LOG,2024-09-26 14:19:28.299Z,9941.889,8,Sounding Launch Obs identified OK; LLA source is Aircraft Data System
AVAPS-LOG,2024-09-26 14:20:19.349Z,9992.939,2,Sounding START request
AVAPS-LOG,2024-09-26 14:20:19.756Z,9993.345,2,Sounding files created
AVAPS-LOG,2024-09-26 14:20:24.448Z,9998.038,2,Sounding frequency 400.40 selected by operator
AVAPS-LOG,2024-09-26 14:20:35.527Z,10009.117,,Sonde 233340720 GPS Aiding OK for all 10 of 10 messages.
AVAPS-LOG,2024-09-26 14:20:46.757Z,10020.347,2,Sonde 233340720 factory pressure error value is 0.000 mb
AVAPS-LOG,2024-09-26 14:20:48.569Z,10022.159,2,Sonde 233340720 Preview OK by operator
AVAPS-LOG,2024-09-26 14:20:49.848Z,10023.437,2,Sounding data collection started by operator
AVAPS-LOG,2024-09-26 14:20:59.048Z,10032.638,2,CHANNEL 2 READY for launch
AVAPS-LOG,2024-09-26 14:24:30.549Z,10244.138,1,Sonde 233340190 Launch Detect; Launch Time 2024-09-26 14:24:26.500; Dfile Name D20240926_142426.1
AVAPS-LOG,2024-09-26 14:24:30.550Z,10244.139,1,Sounding Launch Obs identified OK; LLA source is Aircraft Data System
AVAPS-LOG,2024-09-26 14:37:42.711Z,11036.301,6,Sounding STOP request
AVAPS-LOG,2024-09-26 14:38:58.213Z,11111.803,6,Sounding files closed
AVAPS-LOG,2024-09-26 14:38:58.219Z,11111.809,6,Sounding files renamed
AVAPS-LOG,2024-09-26 14:38:59.188Z,11112.778,6,Sounding ENDED
AVAPS-LOG,2024-09-26 14:39:06.358Z,11119.948,7,Sounding STOP request
AVAPS-LOG,2024-09-26 14:39:12.211Z,11125.801,7,Sounding files closed
AVAPS-LOG,2024-09-26 14:39:12.236Z,11125.826,7,Sounding files renamed
AVAPS-LOG,2024-09-26 14:39:13.140Z,11126.730,7,Sounding ENDED
AVAPS-LOG,2024-09-26 14:39:15.118Z,11128.708,8,Sounding STOP request
AVAPS-LOG,2024-09-26 14:39:20.017Z,11133.607,8,Sounding files closed
AVAPS-LOG,2024-09-26 14:39:20.025Z,11133.615,8,Sounding files renamed
AVAPS-LOG,2024-09-26 14:39:20.904Z,11134.494,8,Sounding ENDED
AVAPS-LOG,2024-09-26 14:40:50.125Z,11223.715,1,Sounding STOP request
AVAPS-LOG,2024-09-26 14:40:57.033Z,11230.623,1,Sounding files closed
AVAPS-LOG,2024-09-26 14:40:57.046Z,11230.636,1,Sounding files renamed
AVAPS-LOG,2024-09-26 14:40:57.937Z,11231.527,1,Sounding ENDED
AVAPS-LOG,2024-09-26 14:42:38.954Z,11332.544,2,Sounding STOP request
AVAPS-LOG,2024-09-26 14:42:44.419Z,11338.009,2,Sounding files closed
AVAPS-LOG,2024-09-26 14:42:44.421Z,11338.011,2,Sounding files deleted
AVAPS-LOG,2024-09-26 14:42:44.422Z,11338.012,2,Sounding ENDED
AVAPS-LOG,2024-09-26 14:42:53.997Z,11347.587,1,Sounding START request
AVAPS-LOG,2024-09-26 14:42:54.352Z,11347.942,1,Sounding files created
AVAPS-LOG,2024-09-26 14:42:55.158Z,11348.748,,PC Clock set to: 2024-09-26 14:42:55.159 using GPS Reference Receiver data - PC Clock error was: -0.121 sec
AVAPS-LOG,2024-09-26 14:43:02.269Z,11355.859,1,Sounding frequency 401.60 selected by operator
AVAPS-LOG,2024-09-26 14:43:13.738Z,11367.327,,Sonde 233340720 GPS Aiding OK for all 11 of 11 messages.
AVAPS-LOG,2024-09-26 14:43:18.877Z,11372.467,1,Sonde 233340720 factory pressure error value is 0.000 mb
AVAPS-LOG,2024-09-26 14:43:20.699Z,11374.289,1,Sonde 233340720 Preview OK by operator
AVAPS-LOG,2024-09-26 14:43:23.068Z,11376.658,1,Sounding data collection started by operator
AVAPS-LOG,2024-09-26 14:43:33.018Z,11386.607,1,CHANNEL 1 READY for launch
AVAPS-LOG,2024-09-26 14:43:36.294Z,11389.884,2,Sounding START request
AVAPS-LOG,2024-09-26 14:43:36.673Z,11390.263,2,Sounding files created
AVAPS-LOG,2024-09-26 14:43:49.068Z,11402.658,2,Sounding frequency 400.60 selected by operator
AVAPS-LOG,2024-09-26 14:44:00.519Z,11414.109,,Sonde 211010840 GPS Aiding OK for all 11 of 11 messages.
AVAPS-LOG,2024-09-26 14:44:13.127Z,11426.717,2,Sonde 211010840 factory pressure error value is 0.000 mb
AVAPS-LOG,2024-09-26 14:44:14.938Z,11428.528,2,Sonde 211010840 Preview OK by operator
AVAPS-LOG,2024-09-26 14:44:21.768Z,11435.358,2,Sounding data collection started by operator
AVAPS-LOG,2024-09-26 14:44:31.017Z,11444.607,2,CHANNEL 2 READY for launch
AVAPS-LOG,2024-09-26 14:49:56.018Z,11769.608,1,Sonde 233340720 Launch Detect; Launch Time 2024-09-26 14:49:52.000; Dfile Name D20240926_144952.1
AVAPS-LOG,2024-09-26 14:49:56.019Z,11769.609,1,Sounding Launch Obs identified OK; LLA source is Aircraft Data System
AVAPS-LOG,2024-09-26 14:51:04.269Z,11837.859,3,Sounding START request
AVAPS-LOG,2024-09-26 14:51:04.674Z,11838.264,3,Sounding files created
AVAPS-LOG,2024-09-26 14:51:11.368Z,11844.957,3,Sounding frequency 402.00 selected by operator
AVAPS-LOG,2024-09-26 14:51:46.449Z,11880.039,,Sonde 233824693 GPS Aiding OK for all 11 of 11 messages.
AVAPS-LOG,2024-09-26 14:51:52.377Z,11885.967,3,Sonde 233824693 factory pressure error value is 0.000 mb
AVAPS-LOG,2024-09-26 14:51:54.191Z,11887.781,3,Sonde 233824693 Preview OK by operator
AVAPS-LOG,2024-09-26 14:51:59.268Z,11892.858,3,Sounding data collection started by operator
AVAPS-LOG,2024-09-26 14:52:09.019Z,11902.608,3,CHANNEL 3 READY for launch
AVAPS-LOG,2024-09-26 14:55:01.269Z,12074.859,2,Sonde 211010840 Launch Detect; Launch Time 2024-09-26 14:54:57.250; Dfile Name D20240926_145457.2
AVAPS-LOG,2024-09-26 14:55:01.269Z,12074.859,2,Sounding Launch Obs identified OK; LLA source is Aircraft Data System
AVAPS-LOG,2024-09-26 14:56:37.668Z,12171.258,4,Sounding START request
AVAPS-LOG,2024-09-26 14:56:38.076Z,12171.666,4,Sounding files created
AVAPS-LOG,2024-09-26 14:56:46.268Z,12179.858,4,Sounding frequency 402.40 selected by operator
AVAPS-LOG,2024-09-26 14:56:57.968Z,12191.558,,Sonde 211010994 GPS Aiding OK for all 12 of 12 messages.
AVAPS-LOG,2024-09-26 14:57:46.619Z,12240.209,4,Sonde 211010994 factory pressure error value is 0.000 mb
AVAPS-LOG,2024-09-26 14:57:46.620Z,12240.210,4,Sonde 211010994 Preview aborted by operator
AVAPS-LOG,2024-09-26 14:57:50.672Z,12244.262,,Sounding pre-launch program aborted by operator
AVAPS-LOG,2024-09-26 14:57:50.868Z,12244.458,4,Sounding frequency 402.40 selected by operator
AVAPS-LOG,2024-09-26 14:57:51.169Z,12244.759,4,Sounding files closed
AVAPS-LOG,2024-09-26 14:57:51.171Z,12244.761,4,Sounding files deleted
AVAPS-LOG,2024-09-26 14:57:51.171Z,12244.761,4,Sounding ENDED
AVAPS-LOG,2024-09-26 14:57:53.269Z,12246.859,4,Sounding START request
AVAPS-LOG,2024-09-26 14:57:53.675Z,12247.265,4,Sounding files created
AVAPS-LOG,2024-09-26 14:57:59.369Z,12252.959,4,Sounding frequency 403.40 selected by operator
AVAPS-LOG,2024-09-26 14:58:10.888Z,12264.478,,Sonde 211010994 GPS Aiding OK for all 12 of 12 messages.
AVAPS-LOG,2024-09-26 14:58:19.619Z,12273.208,4,Sonde 211010994 factory pressure error value is 0.000 mb
AVAPS-LOG,2024-09-26 14:58:19.620Z,12273.209,4,Sonde 211010994 Preview aborted by operator
AVAPS-LOG,2024-09-26 14:59:13.968Z,12327.558,4,Sounding frequency 403.60 selected by operator
AVAPS-LOG,2024-09-26 14:59:25.788Z,12339.377,,Sonde 233140461 GPS Aiding OK for all 12 of 12 messages.
AVAPS-LOG,2024-09-26 14:59:33.127Z,12346.717,4,Sonde 233140461 factory pressure error value is 0.000 mb
AVAPS-LOG,2024-09-26 14:59:34.949Z,12348.539,4,Sonde 233140461 Preview OK by operator
AVAPS-LOG,2024-09-26 14:59:54.870Z,12368.459,4,Sounding data collection started by operator
AVAPS-LOG,2024-09-26 14:59:56.018Z,12369.608,3,Sonde 233824693 Launch Detect; Launch Time 2024-09-26 14:59:52.000; Dfile Name D20240926_145952.3
AVAPS-LOG,2024-09-26 14:59:56.018Z,12369.608,3,Sounding Launch Obs identified OK; LLA source is Aircraft Data System
AVAPS-LOG,2024-09-26 15:00:04.018Z,12377.608,4,CHANNEL 4 READY for launch
AVAPS-LOG,2024-09-26 15:01:38.119Z,12471.709,5,Sounding START request
AVAPS-LOG,2024-09-26 15:01:38.474Z,12472.064,5,Sounding files created
AVAPS-LOG,2024-09-26 15:01:41.869Z,12475.458,5,Sounding frequency 404.20 selected by operator
AVAPS-LOG,2024-09-26 15:01:53.557Z,12487.147,,Sonde 211010839 GPS Aiding OK for all 12 of 12 messages.
AVAPS-LOG,2024-09-26 15:01:59.627Z,12493.217,5,Sonde 211010839 factory pressure error value is 0.000 mb
AVAPS-LOG,2024-09-26 15:02:01.439Z,12495.029,5,Sonde 211010839 Preview OK by operator
AVAPS-LOG,2024-09-26 15:02:03.768Z,12497.358,5,Sounding data collection started by operator
AVAPS-LOG,2024-09-26 15:02:13.018Z,12506.608,5,CHANNEL 5 READY for launch
AVAPS-LOG,2024-09-26 15:04:04.768Z,12618.358,4,Sonde 233140461 Launch Detect; Launch Time 2024-09-26 15:04:00.750; Dfile Name D20240926_150401.4
AVAPS-LOG,2024-09-26 15:04:04.769Z,12618.359,4,Sounding Launch Obs identified OK; LLA source is Aircraft Data System
AVAPS-LOG,2024-09-26 15:04:49.468Z,12663.058,6,Sounding START request
AVAPS-LOG,2024-09-26 15:04:49.876Z,12663.465,6,Sounding files created
AVAPS-LOG,2024-09-26 15:04:54.969Z,12668.559,6,Sounding frequency 404.60 selected by operator
AVAPS-LOG,2024-09-26 15:05:06.778Z,12680.368,,Sonde 233824576 GPS Aiding OK for all 12 of 12 messages.
AVAPS-LOG,2024-09-26 15:05:18.879Z,12692.469,6,Sonde 233824576 factory pressure error value is 0.000 mb
AVAPS-LOG,2024-09-26 15:05:20.750Z,12694.339,6,Sonde 233824576 Preview OK by operator
AVAPS-LOG,2024-09-26 15:05:22.986Z,12696.576,6,Sounding data collection started by operator
AVAPS-LOG,2024-09-26 15:05:33.019Z,12706.609,6,CHANNEL 6 READY for launch
AVAPS-LOG,2024-09-26 15:06:11.886Z,12745.476,1,Sounding STOP request
AVAPS-LOG,2024-09-26 15:06:21.562Z,12755.152,1,Sounding files closed
AVAPS-LOG,2024-09-26 15:06:21.576Z,12755.166,1,Sounding files renamed
AVAPS-LOG,2024-09-26 15:06:22.423Z,12756.013,1,Sounding ENDED
AVAPS-LOG,2024-09-26 15:08:13.269Z,12866.859,5,Sonde 211010839 Launch Detect; Launch Time 2024-09-26 15:08:09.250; Dfile Name D20240926_150809.5
AVAPS-LOG,2024-09-26 15:08:13.270Z,12866.860,5,Sounding Launch Obs identified OK; LLA source is Aircraft Data System
AVAPS-LOG,2024-09-26 15:10:23.469Z,12997.059,7,Sounding START request
AVAPS-LOG,2024-09-26 15:10:23.876Z,12997.466,7,Sounding files created
AVAPS-LOG,2024-09-26 15:10:27.869Z,13001.458,7,Sounding frequency 405.20 selected by operator
AVAPS-LOG,2024-09-26 15:10:39.608Z,13013.198,,Sonde 211030067 GPS Aiding OK for all 12 of 12 messages.
AVAPS-LOG,2024-09-26 15:10:47.878Z,13021.467,7,Sonde 211030067 factory pressure error value is 0.000 mb
AVAPS-LOG,2024-09-26 15:10:49.699Z,13023.288,7,Sonde 211030067 Preview OK by operator
AVAPS-LOG,2024-09-26 15:10:51.567Z,13025.157,7,Sounding data collection started by operator
AVAPS-LOG,2024-09-26 15:11:01.018Z,13034.608,7,CHANNEL 7 READY for launch
AVAPS-LOG,2024-09-26 15:11:35.799Z,13069.389,2,Sounding STOP request
AVAPS-LOG,2024-09-26 15:11:42.162Z,13075.751,2,Sounding files closed
AVAPS-LOG,2024-09-26 15:11:42.175Z,13075.764,2,Sounding files renamed
AVAPS-LOG,2024-09-26 15:11:43.138Z,13076.727,2,Sounding ENDED
AVAPS-LOG,2024-09-26 15:12:31.518Z,13125.108,6,Sonde 233824576 Launch Detect; Launch Time 2024-09-26 15:12:27.500; Dfile Name D20240926_151228.6
AVAPS-LOG,2024-09-26 15:12:31.518Z,13125.108,6,Sounding Launch Obs identified OK; LLA source is Aircraft Data System
AVAPS-LOG,2024-09-26 15:13:07.273Z,13160.863,8,Sounding START request
AVAPS-LOG,2024-09-26 15:13:07.676Z,13161.266,8,Sounding files created
AVAPS-LOG,2024-09-26 15:13:20.768Z,13174.358,8,Sounding frequency 400.42 selected by operator
AVAPS-LOG,2024-09-26 15:13:32.539Z,13186.129,,Sonde 230431138 GPS Aiding OK for all 12 of 12 messages.
AVAPS-LOG,2024-09-26 15:13:44.634Z,13198.224,8,Sonde 230431138 factory pressure error value is 0.000 mb
AVAPS-LOG,2024-09-26 15:13:46.451Z,13200.041,8,Sonde 230431138 Preview OK by operator
AVAPS-LOG,2024-09-26 15:13:48.667Z,13202.257,8,Sounding data collection started by operator
AVAPS-LOG,2024-09-26 15:13:58.018Z,13211.608,8,CHANNEL 8 READY for launch
AVAPS-LOG,2024-09-26 15:16:55.020Z,13388.610,7,Sonde 211030067 Launch Detect; Launch Time 2024-09-26 15:16:51.000; Dfile Name D20240926_151651.7
AVAPS-LOG,2024-09-26 15:16:55.020Z,13388.610,7,Sounding Launch Obs identified OK; LLA source is Aircraft Data System
AVAPS-LOG,2024-09-26 15:17:59.269Z,13452.859,3,Sounding STOP request
AVAPS-LOG,2024-09-26 15:18:05.258Z,13458.847,3,Sounding files closed
AVAPS-LOG,2024-09-26 15:18:05.262Z,13458.851,3,Sounding files renamed
AVAPS-LOG,2024-09-26 15:18:06.145Z,13459.735,3,Sounding ENDED
AVAPS-LOG,2024-09-26 15:20:04.869Z,13578.459,1,Sounding START request
AVAPS-LOG,2024-09-26 15:20:05.277Z,13578.867,1,Sounding files created
AVAPS-LOG,2024-09-26 15:20:09.668Z,13583.257,1,Sounding frequency 401.42 selected by operator
AVAPS-LOG,2024-09-26 15:20:21.188Z,13594.778,,Sonde 230431106 GPS Aiding OK for all 12 of 12 messages.
AVAPS-LOG,2024-09-26 15:20:26.128Z,13599.718,1,Sonde 230431106 factory pressure error value is 0.000 mb
AVAPS-LOG,2024-09-26 15:20:27.948Z,13601.538,1,Sonde 230431106 Preview OK by operator
AVAPS-LOG,2024-09-26 15:20:29.968Z,13603.558,1,Sounding data collection started by operator
AVAPS-LOG,2024-09-26 15:20:39.019Z,13612.609,1,CHANNEL 1 READY for launch
AVAPS-LOG,2024-09-26 15:21:44.271Z,13677.861,8,Sonde 230431138 Launch Detect; Launch Time 2024-09-26 15:21:40.250; Dfile Name D20240926_152140.8
AVAPS-LOG,2024-09-26 15:21:44.271Z,13677.861,8,Sounding Launch Obs identified OK; LLA source is Aircraft Data System
AVAPS-LOG,2024-09-26 15:22:24.480Z,13718.070,4,Sounding STOP request
AVAPS-LOG,2024-09-26 15:22:29.934Z,13723.524,4,Sounding files closed
AVAPS-LOG,2024-09-26 15:22:29.940Z,13723.530,4,Sounding files renamed
AVAPS-LOG,2024-09-26 15:22:30.844Z,13724.434,4,Sounding ENDED
AVAPS-LOG,2024-09-26 15:23:04.069Z,13757.659,2,Sounding START request
AVAPS-LOG,2024-09-26 15:23:04.475Z,13758.065,2,Sounding files created
AVAPS-LOG,2024-09-26 15:23:08.168Z,13761.757,2,Sounding frequency 402.02 selected by operator
AVAPS-LOG,2024-09-26 15:23:19.993Z,13773.582,,Sonde 211010196 GPS Aiding OK for all 12 of 12 messages.
AVAPS-LOG,2024-09-26 15:23:25.127Z,13778.717,2,Sonde 211010196 factory pressure error value is 0.000 mb
AVAPS-LOG,2024-09-26 15:23:26.948Z,13780.538,2,Sonde 211010196 Preview OK by operator
AVAPS-LOG,2024-09-26 15:23:29.070Z,13782.660,2,Sounding data collection started by operator
AVAPS-LOG,2024-09-26 15:23:39.017Z,13792.607,2,CHANNEL 2 READY for launch
AVAPS-LOG,2024-09-26 15:24:31.068Z,13844.658,5,Sounding STOP request
AVAPS-LOG,2024-09-26 15:24:36.137Z,13849.726,5,Sounding files closed
AVAPS-LOG,2024-09-26 15:24:36.142Z,13849.731,5,Sounding files renamed
AVAPS-LOG,2024-09-26 15:24:37.077Z,13850.666,5,Sounding ENDED
AVAPS-LOG,2024-09-26 15:26:57.770Z,13991.359,1,Sonde 230431106 Launch Detect; Launch Time 2024-09-26 15:26:53.750; Dfile Name D20240926_152654.1
AVAPS-LOG,2024-09-26 15:26:57.771Z,13991.360,1,Sounding Launch Obs identified OK; LLA source is Aircraft Data System
AVAPS-LOG,2024-09-26 15:30:22.070Z,14195.660,3,Sounding START request
AVAPS-LOG,2024-09-26 15:30:22.475Z,14196.065,3,Sounding files created
AVAPS-LOG,2024-09-26 15:30:27.268Z,14200.858,3,Sounding frequency 402.62 selected by operator
AVAPS-LOG,2024-09-26 15:30:38.978Z,14212.568,,Sonde 211010022 GPS Aiding OK for all 12 of 12 messages.
AVAPS-LOG,2024-09-26 15:30:51.627Z,14225.217,3,Sonde 211010022 factory pressure error value is 0.000 mb
AVAPS-LOG,2024-09-26 15:30:53.450Z,14227.040,3,Sonde 211010022 Preview OK by operator
AVAPS-LOG,2024-09-26 15:30:54.768Z,14228.357,3,Sounding data collection started by operator
AVAPS-LOG,2024-09-26 15:31:04.017Z,14237.607,3,CHANNEL 3 READY for launch
AVAPS-LOG,2024-09-26 15:33:01.269Z,14354.859,3,Sonde 211010022 Launch Detect; Launch Time 2024-09-26 15:32:57.250; Dfile Name D20240926_153257.3
AVAPS-LOG,2024-09-26 15:33:01.270Z,14354.860,3,Sounding Launch Obs identified OK; LLA source is Aircraft Data System
AVAPS-LOG,2024-09-26 15:34:07.868Z,14421.458,4,Sounding START request
AVAPS-LOG,2024-09-26 15:34:08.278Z,14421.868,4,Sounding files created
AVAPS-LOG,2024-09-26 15:34:12.368Z,14425.958,4,Sounding frequency 403.42 selected by operator
AVAPS-LOG,2024-09-26 15:34:23.849Z,14437.439,,Sonde 211030068 GPS Aiding OK for all 11 of 11 messages.
AVAPS-LOG,2024-09-26 15:34:29.879Z,14443.469,4,Sonde 211030068 factory pressure error value is 0.000 mb
AVAPS-LOG,2024-09-26 15:34:31.700Z,14445.290,4,Sonde 211030068 Preview OK by operator
AVAPS-LOG,2024-09-26 15:34:34.768Z,14448.358,4,Sounding data collection started by operator
AVAPS-LOG,2024-09-26 15:34:44.019Z,14457.608,4,CHANNEL 4 READY for launch
AVAPS-LOG,2024-09-26 15:35:01.069Z,14474.659,6,Sounding STOP request
AVAPS-LOG,2024-09-26 15:35:08.148Z,14481.738,6,Sounding files closed
AVAPS-LOG,2024-09-26 15:35:08.154Z,14481.744,6,Sounding files renamed
AVAPS-LOG,2024-09-26 15:35:09.103Z,14482.692,6,Sounding ENDED
AVAPS-LOG,2024-09-26 15:35:13.767Z,14487.357,7,Sounding STOP request
AVAPS-LOG,2024-09-26 15:35:20.090Z,14493.680,7,Sounding files closed
AVAPS-LOG,2024-09-26 15:35:20.094Z,14493.684,7,Sounding files renamed
AVAPS-LOG,2024-09-26 15:35:21.018Z,14494.608,7,Sounding ENDED
AVAPS-LOG,2024-09-26 15:38:10.518Z,14664.107,4,Sonde 211030068 Launch Detect; Launch Time 2024-09-26 15:38:06.500; Dfile Name D20240926_153806.4
AVAPS-LOG,2024-09-26 15:38:10.519Z,14664.108,4,Sounding Launch Obs identified OK; LLA source is Aircraft Data System
AVAPS-LOG,2024-09-26 15:38:41.498Z,14695.088,5,Sounding START request
AVAPS-LOG,2024-09-26 15:38:41.874Z,14695.464,5,Sounding files created
AVAPS-LOG,2024-09-26 15:38:45.167Z,14698.757,5,Sounding frequency 404.02 selected by operator
AVAPS-LOG,2024-09-26 15:38:56.669Z,14710.259,,Sonde 211010024 GPS Aiding OK for all 11 of 11 messages.
AVAPS-LOG,2024-09-26 15:39:00.377Z,14713.967,5,Sonde 211010024 factory pressure error value is 0.000 mb
AVAPS-LOG,2024-09-26 15:39:02.201Z,14715.791,5,Sonde 211010024 Preview OK by operator
AVAPS-LOG,2024-09-26 15:39:08.770Z,14722.359,5,Sounding data collection started by operator
AVAPS-LOG,2024-09-26 15:39:18.017Z,14731.607,5,CHANNEL 5 READY for launch
AVAPS-LOG,2024-09-26 15:41:00.943Z,14834.533,8,Sounding STOP request
AVAPS-LOG,2024-09-26 15:41:07.137Z,14840.726,8,Sounding files closed
AVAPS-LOG,2024-09-26 15:41:07.142Z,14840.731,8,Sounding files renamed
AVAPS-LOG,2024-09-26 15:41:08.091Z,14841.680,8,Sounding ENDED
AVAPS-LOG,2024-09-26 15:42:56.909Z,14950.499,1,Sounding STOP request
AVAPS-LOG,2024-09-26 15:43:01.937Z,14955.526,1,Sounding files closed
AVAPS-LOG,2024-09-26 15:43:01.942Z,14955.531,1,Sounding files renamed
AVAPS-LOG,2024-09-26 15:43:02.834Z,14956.423,1,Sounding ENDED
AVAPS-LOG,2024-09-26 15:43:06.775Z,14960.364,2,Sounding STOP request
AVAPS-LOG,2024-09-26 15:43:13.176Z,14966.766,2,Sounding files closed
AVAPS-LOG,2024-09-26 15:43:13.181Z,14966.771,2,Sounding files renamed
AVAPS-LOG,2024-09-26 15:43:13.778Z,14967.368,2,Sounding ENDED
AVAPS-LOG,2024-09-26 15:43:43.020Z,14996.609,5,Sonde 211010024 Launch Detect; Launch Time 2024-09-26 15:43:39.000; Dfile Name D20240926_154339.5
AVAPS-LOG,2024-09-26 15:43:43.020Z,14996.609,5,Sounding Launch Obs identified OK; LLA source is Aircraft Data System
AVAPS-LOG,2024-09-26 15:50:22.069Z,15395.659,3,Sounding STOP request
AVAPS-LOG,2024-09-26 15:50:28.051Z,15401.641,3,Sounding files closed
AVAPS-LOG,2024-09-26 15:50:28.055Z,15401.645,3,Sounding files renamed
AVAPS-LOG,2024-09-26 15:50:28.884Z,15402.474,3,Sounding ENDED
AVAPS-LOG,2024-09-26 15:57:46.269Z,15839.859,4,Sounding STOP request
AVAPS-LOG,2024-09-26 15:57:51.526Z,15845.116,4,Sounding files closed
AVAPS-LOG,2024-09-26 15:57:51.530Z,15845.120,4,Sounding files renamed
AVAPS-LOG,2024-09-26 15:57:52.374Z,15845.964,4,Sounding ENDED
AVAPS-LOG,2024-09-26 15:59:24.070Z,15937.660,5,Sounding STOP request
AVAPS-LOG,2024-09-26 15:59:30.031Z,15943.621,5,Sounding files closed
AVAPS-LOG,2024-09-26 15:59:30.035Z,15943.625,5,Sounding files renamed
AVAPS-LOG,2024-09-26 15:59:30.828Z,15944.418,5,Sounding ENDED
AVAPS-LOG,2024-09-26 16:03:47.470Z,16201.059,1,Sounding START request
AVAPS-LOG,2024-09-26 16:03:47.875Z,16201.465,1,Sounding files created
AVAPS-LOG,2024-09-26 16:03:48.149Z,16201.738,,PC Clock set to: 2024-09-26 16:03:48.149 using GPS Reference Receiver data - PC Clock error was: -0.041 sec
AVAPS-LOG,2024-09-26 16:03:52.408Z,16205.998,1,Sounding frequency 404.02 selected by operator
AVAPS-LOG,2024-09-26 16:04:03.838Z,16217.428,,Sonde 233330965 GPS Aiding OK for all 11 of 11 messages.
AVAPS-LOG,2024-09-26 16:04:17.168Z,16230.758,1,Sonde 233330965 factory pressure error value is 0.000 mb
AVAPS-LOG,2024-09-26 16:04:18.989Z,16232.579,1,Sonde 233330965 Preview OK by operator
AVAPS-LOG,2024-09-26 16:04:26.308Z,16239.898,1,Sounding data collection started by operator
AVAPS-LOG,2024-09-26 16:04:36.009Z,16249.599,1,CHANNEL 1 READY for launch
AVAPS-LOG,2024-09-26 16:04:57.113Z,16270.702,2,Sounding START request
AVAPS-LOG,2024-09-26 16:04:57.513Z,16271.103,2,Sounding files created
AVAPS-LOG,2024-09-26 16:05:01.408Z,16274.998,2,Sounding frequency 404.42 selected by operator
AVAPS-LOG,2024-09-26 16:05:13.409Z,16286.999,,Sonde 211010836 GPS Aiding OK for all 11 of 11 messages.
AVAPS-LOG,2024-09-26 16:05:18.668Z,16292.258,2,Sonde 211010836 factory pressure error value is 0.000 mb
AVAPS-LOG,2024-09-26 16:05:20.481Z,16294.071,2,Sonde 211010836 Preview OK by operator
AVAPS-LOG,2024-09-26 16:05:21.908Z,16295.498,2,Sounding data collection started by operator
AVAPS-LOG,2024-09-26 16:05:32.009Z,16305.599,2,CHANNEL 2 READY for launch
AVAPS-LOG,2024-09-26 16:06:22.759Z,16356.349,1,Sonde 233330965 Launch Detect; Launch Time 2024-09-26 16:06:18.750; Dfile Name D20240926_160619.1
AVAPS-LOG,2024-09-26 16:06:22.759Z,16356.349,1,Sounding Launch Obs identified OK; LLA source is Aircraft Data System
AVAPS-LOG,2024-09-26 16:08:20.320Z,16473.910,3,Sounding START request
AVAPS-LOG,2024-09-26 16:08:20.715Z,16474.305,3,Sounding files created
AVAPS-LOG,2024-09-26 16:08:25.208Z,16478.798,3,Sounding frequency 405.02 selected by operator
AVAPS-LOG,2024-09-26 16:08:37.539Z,16491.129,,Sonde 233460096 GPS Aiding OK for all 12 of 12 messages.
AVAPS-LOG,2024-09-26 16:08:41.667Z,16495.257,3,Sonde 233460096 factory pressure error value is 0.000 mb
AVAPS-LOG,2024-09-26 16:08:43.490Z,16497.080,3,Sonde 233460096 Preview OK by operator
AVAPS-LOG,2024-09-26 16:08:46.208Z,16499.798,3,Sounding data collection started by operator
AVAPS-LOG,2024-09-26 16:08:56.009Z,16509.599,3,CHANNEL 3 READY for launch
AVAPS-LOG,2024-09-26 16:11:56.258Z,16689.848,2,Sonde 211010836 Launch Detect; Launch Time 2024-09-26 16:11:52.250; Dfile Name D20240926_161152.2
AVAPS-LOG,2024-09-26 16:11:56.259Z,16689.849,2,Sounding Launch Obs identified OK; LLA source is Aircraft Data System
AVAPS-LOG,2024-09-26 16:12:20.313Z,16713.903,4,Sounding START request
AVAPS-LOG,2024-09-26 16:12:20.716Z,16714.306,4,Sounding files created
AVAPS-LOG,2024-09-26 16:12:25.708Z,16719.297,4,Sounding frequency 403.62 selected by operator
AVAPS-LOG,2024-09-26 16:12:37.609Z,16731.199,,Sonde 230230292 GPS Aiding OK for all 11 of 11 messages.
AVAPS-LOG,2024-09-26 16:12:55.668Z,16749.258,4,Sonde 230230292 factory pressure error value is 0.000 mb
AVAPS-LOG,2024-09-26 16:12:57.491Z,16751.081,4,Sonde 230230292 Preview OK by operator
AVAPS-LOG,2024-09-26 16:13:00.109Z,16753.699,4,Sounding data collection started by operator
AVAPS-LOG,2024-09-26 16:13:10.008Z,16763.598,4,CHANNEL 4 READY for launch
AVAPS-LOG,2024-09-26 16:17:33.259Z,17026.848,3,Sonde 233460096 Launch Detect; Launch Time 2024-09-26 16:17:29.250; Dfile Name D20240926_161729.3
AVAPS-LOG,2024-09-26 16:17:33.259Z,17026.848,3,Sounding Launch Obs identified OK; LLA source is Aircraft Data System
AVAPS-LOG,2024-09-26 16:18:34.257Z,17087.847,5,Sounding START request
AVAPS-LOG,2024-09-26 16:18:34.516Z,17088.106,5,Sounding files created
AVAPS-LOG,2024-09-26 16:18:38.708Z,17092.298,5,Sounding frequency 402.42 selected by operator
AVAPS-LOG,2024-09-26 16:18:50.589Z,17104.179,,Sonde 233461003 GPS Aiding OK for all 11 of 11 messages.
AVAPS-LOG,2024-09-26 16:18:55.418Z,17109.008,5,Sonde 233461003 factory pressure error value is 0.000 mb
AVAPS-LOG,2024-09-26 16:18:57.240Z,17110.830,5,Sonde 233461003 Preview OK by operator
AVAPS-LOG,2024-09-26 16:19:00.109Z,17113.699,5,Sounding data collection started by operator
AVAPS-LOG,2024-09-26 16:19:10.009Z,17123.599,5,CHANNEL 5 READY for launch
AVAPS-LOG,2024-09-26 16:22:59.260Z,17352.850,4,Sonde 230230292 Launch Detect; Launch Time 2024-09-26 16:22:55.250; Dfile Name D20240926_162255.4
AVAPS-LOG,2024-09-26 16:22:59.260Z,17352.850,4,Sounding Launch Obs identified OK; LLA source is Aircraft Data System
AVAPS-LOG,2024-09-26 16:23:15.289Z,17368.879,1,Sounding STOP request
AVAPS-LOG,2024-09-26 16:23:24.786Z,17378.376,1,Sounding files closed
AVAPS-LOG,2024-09-26 16:23:24.793Z,17378.383,1,Sounding files renamed
AVAPS-LOG,2024-09-26 16:23:25.734Z,17379.324,1,Sounding ENDED
AVAPS-LOG,2024-09-26 16:27:44.509Z,17638.098,5,Sonde 233461003 Launch Detect; Launch Time 2024-09-26 16:27:40.500; Dfile Name D20240926_162740.5
AVAPS-LOG,2024-09-26 16:27:44.510Z,17638.099,5,Sounding Launch Obs identified OK; LLA source is Aircraft Data System
AVAPS-LOG,2024-09-26 16:28:50.908Z,17704.498,6,Sounding START request
AVAPS-LOG,2024-09-26 16:28:51.315Z,17704.905,6,Sounding files created
AVAPS-LOG,2024-09-26 16:28:55.008Z,17708.598,6,Sounding frequency 401.82 selected by operator
AVAPS-LOG,2024-09-26 16:29:06.618Z,17720.207,,Sonde 211010837 GPS Aiding OK for all 12 of 12 messages.
AVAPS-LOG,2024-09-26 16:29:18.418Z,17732.008,6,Sonde 211010837 factory pressure error value is 0.000 mb
AVAPS-LOG,2024-09-26 16:29:20.229Z,17733.819,6,Sonde 211010837 Preview OK by operator
AVAPS-LOG,2024-09-26 16:29:23.508Z,17737.098,6,Sounding data collection started by operator
AVAPS-LOG,2024-09-26 16:29:33.008Z,17746.598,6,CHANNEL 6 READY for launch
AVAPS-LOG,2024-09-26 16:29:45.537Z,17759.127,7,Sounding START request
AVAPS-LOG,2024-09-26 16:29:45.915Z,17759.505,7,Sounding files created
AVAPS-LOG,2024-09-26 16:29:52.109Z,17765.699,7,Sounding frequency 401.42 selected by operator
AVAPS-LOG,2024-09-26 16:30:03.829Z,17777.419,,Sonde 211010847 GPS Aiding OK for all 12 of 12 messages.
AVAPS-LOG,2024-09-26 16:30:16.418Z,17790.008,7,Sonde 211010847 factory pressure error value is 0.000 mb
AVAPS-LOG,2024-09-26 16:30:18.239Z,17791.828,7,Sonde 211010847 Preview OK by operator
AVAPS-LOG,2024-09-26 16:30:25.008Z,17798.598,7,Sounding data collection started by operator
AVAPS-LOG,2024-09-26 16:30:35.008Z,17808.597,7,CHANNEL 7 READY for launch
AVAPS-LOG,2024-09-26 16:31:03.145Z,17836.735,2,Sounding STOP request
AVAPS-LOG,2024-09-26 16:31:16.175Z,17849.765,2,Sounding files closed
AVAPS-LOG,2024-09-26 16:31:16.180Z,17849.770,2,Sounding files renamed
AVAPS-LOG,2024-09-26 16:31:17.122Z,17850.712,2,Sounding ENDED
AVAPS-LOG,2024-09-26 16:32:19.009Z,17912.599,6,Sonde 211010837 Launch Detect; Launch Time 2024-09-26 16:32:15.000; Dfile Name D20240926_163215.6
AVAPS-LOG,2024-09-26 16:32:19.050Z,17912.640,6,Sounding Launch Obs identified OK; LLA source is Aircraft Data System
AVAPS-LOG,2024-09-26 16:34:46.114Z,18059.704,7,Sounding STOP request
AVAPS-LOG,2024-09-26 16:35:00.376Z,18073.965,7,Sounding files closed
AVAPS-LOG,2024-09-26 16:35:00.378Z,18073.967,7,Sounding files deleted
AVAPS-LOG,2024-09-26 16:35:00.378Z,18073.967,7,Sounding ENDED
AVAPS-LOG,2024-09-26 16:41:30.309Z,18463.899,7,Sounding START request
AVAPS-LOG,2024-09-26 16:41:30.716Z,18464.306,7,Sounding files created
AVAPS-LOG,2024-09-26 16:41:46.408Z,18479.998,7,Sounding frequency 400.42 selected by operator
AVAPS-LOG,2024-09-26 16:41:58.138Z,18491.728,,Sonde 211010847 GPS Aiding OK for all 12 of 12 messages.
AVAPS-LOG,2024-09-26 16:42:17.169Z,18510.759,7,Sonde 211010847 factory pressure error value is 0.000 mb
AVAPS-LOG,2024-09-26 16:42:18.988Z,18512.578,7,Sonde 211010847 Preview OK by operator
AVAPS-LOG,2024-09-26 16:42:22.310Z,18515.900,7,Sounding data collection started by operator
AVAPS-LOG,2024-09-26 16:42:32.010Z,18525.600,7,CHANNEL 7 READY for launch
AVAPS-LOG,2024-09-26 16:43:46.514Z,18600.104,3,Sounding STOP request
AVAPS-LOG,2024-09-26 16:43:54.175Z,18607.765,3,Sounding files closed
AVAPS-LOG,2024-09-26 16:43:54.180Z,18607.770,3,Sounding files renamed
AVAPS-LOG,2024-09-26 16:43:55.172Z,18608.762,3,Sounding ENDED
AVAPS-LOG,2024-09-26 16:43:57.682Z,18611.272,4,Sounding STOP request
AVAPS-LOG,2024-09-26 16:44:03.374Z,18616.964,4,Sounding files closed
AVAPS-LOG,2024-09-26 16:44:03.393Z,18616.983,4,Sounding files renamed
AVAPS-LOG,2024-09-26 16:44:04.303Z,18617.893,4,Sounding ENDED
AVAPS-LOG,2024-09-26 16:44:07.849Z,18621.439,5,Sounding STOP request
AVAPS-LOG,2024-09-26 16:44:13.069Z,18626.658,5,Sounding files closed
AVAPS-LOG,2024-09-26 16:44:13.084Z,18626.673,5,Sounding files renamed
AVAPS-LOG,2024-09-26 16:44:13.950Z,18627.539,5,Sounding ENDED
AVAPS-LOG,2024-09-26 16:46:38.314Z,18771.904,7,Sounding STOP request
AVAPS-LOG,2024-09-26 16:46:46.181Z,18779.771,7,Sounding files closed
AVAPS-LOG,2024-09-26 16:46:46.186Z,18779.776,7,Sounding files deleted
AVAPS-LOG,2024-09-26 16:46:46.187Z,18779.777,7,Sounding ENDED
AVAPS-LOG,2024-09-26 16:49:32.509Z,18946.099,6,Sounding STOP request
AVAPS-LOG,2024-09-26 16:49:41.776Z,18955.366,6,Sounding files closed
AVAPS-LOG,2024-09-26 16:49:41.780Z,18955.370,6,Sounding files renamed
AVAPS-LOG,2024-09-26 16:49:42.647Z,18956.237,6,Sounding ENDED
AVAPS-LOG,2024-09-26 16:52:54.308Z,19147.898,1,Sounding START request
AVAPS-LOG,2024-09-26 16:52:54.714Z,19148.304,1,Sounding files created
AVAPS-LOG,2024-09-26 16:52:55.158Z,19148.747,,PC Clock set to: 2024-09-26 16:52:55.158 using GPS Reference Receiver data - PC Clock error was: -0.050 sec
AVAPS-LOG,2024-09-26 16:53:00.457Z,19154.046,1,Sounding frequency 401.62 selected by operator
AVAPS-LOG,2024-09-26 16:53:12.067Z,19165.657,,Sonde 211010847 GPS Aiding OK for all 12 of 12 messages.
AVAPS-LOG,2024-09-26 16:53:42.206Z,19195.796,1,Sonde 211010847 factory pressure error value is 0.000 mb
AVAPS-LOG,2024-09-26 16:53:42.207Z,19195.797,1,Sonde 211010847 Preview aborted by operator
AVAPS-LOG,2024-09-26 16:53:53.756Z,19207.346,1,Sounding frequency 401.62 selected by operator
AVAPS-LOG,2024-09-26 16:54:05.477Z,19219.067,,Sonde 211010847 GPS Aiding OK for all 12 of 12 messages.
AVAPS-LOG,2024-09-26 16:54:26.215Z,19239.805,1,Sonde 211010847 factory pressure error value is 0.000 mb
AVAPS-LOG,2024-09-26 16:54:28.029Z,19241.619,1,Sonde 211010847 Preview OK by operator
AVAPS-LOG,2024-09-26 16:54:31.258Z,19244.848,1,Sounding data collection started by operator
AVAPS-LOG,2024-09-26 16:54:41.007Z,19254.596,1,CHANNEL 1 READY for launch
AVAPS-LOG,2024-09-26 16:56:39.363Z,19372.953,2,Sounding START request
AVAPS-LOG,2024-09-26 16:56:39.765Z,19373.355,2,Sounding files created
AVAPS-LOG,2024-09-26 16:56:43.958Z,19377.548,2,Sounding frequency 402.22 selected by operator
AVAPS-LOG,2024-09-26 16:56:55.587Z,19389.177,,Sonde 230431024 GPS Aiding OK for all 12 of 12 messages.
AVAPS-LOG,2024-09-26 16:57:00.976Z,19394.565,2,Sonde 230431024 factory pressure error value is 0.000 mb
AVAPS-LOG,2024-09-26 16:57:02.800Z,19396.390,2,Sonde 230431024 Preview OK by operator
AVAPS-LOG,2024-09-26 16:57:09.256Z,19402.846,2,Sounding data collection started by operator
AVAPS-LOG,2024-09-26 16:57:19.008Z,19412.598,2,CHANNEL 2 READY for launch
AVAPS-LOG,2024-09-26 17:02:12.962Z,19706.552,1,Sounding STOP request
AVAPS-LOG,2024-09-26 17:02:24.821Z,19718.411,1,Sounding files closed
AVAPS-LOG,2024-09-26 17:02:24.823Z,19718.413,1,Sounding files deleted
AVAPS-LOG,2024-09-26 17:02:24.823Z,19718.413,1,Sounding ENDED
AVAPS-LOG,2024-09-26 17:02:27.962Z,19721.552,2,Sounding STOP request
AVAPS-LOG,2024-09-26 17:02:32.421Z,19726.011,2,Sounding files closed
AVAPS-LOG,2024-09-26 17:02:32.423Z,19726.013,2,Sounding files deleted
AVAPS-LOG,2024-09-26 17:02:32.423Z,19726.013,2,Sounding ENDED
AVAPS-LOG,2024-09-26 17:14:18.157Z,20431.747,1,Sounding START request
AVAPS-LOG,2024-09-26 17:14:18.564Z,20432.153,1,Sounding files created
AVAPS-LOG,2024-09-26 17:14:19.136Z,20432.725,,PC Clock set to: 2024-09-26 17:14:19.136 using GPS Reference Receiver data - PC Clock error was: -0.009 sec
AVAPS-LOG,2024-09-26 17:14:29.465Z,20443.054,1,Sounding frequency 402.22 selected by operator
AVAPS-LOG,2024-09-26 17:14:54.385Z,20467.975,,Sonde 211010847 GPS Aiding OK for all 12 of 12 messages.
AVAPS-LOG,2024-09-26 17:15:16.726Z,20490.316,1,Sonde 211010847 factory pressure error value is 0.000 mb
AVAPS-LOG,2024-09-26 17:15:18.547Z,20492.137,1,Sonde 211010847 Preview OK by operator
AVAPS-LOG,2024-09-26 17:18:46.065Z,20699.655,1,Sounding data collection started by operator
AVAPS-LOG,2024-09-26 17:18:56.016Z,20709.605,1,CHANNEL 1 READY for launch
AVAPS-LOG,2024-09-26 17:21:24.076Z,20857.666,2,Sounding START request
AVAPS-LOG,2024-09-26 17:21:24.371Z,20857.961,2,Sounding files created
AVAPS-LOG,2024-09-26 17:21:28.564Z,20862.154,2,Sounding frequency 403.62 selected by operator
AVAPS-LOG,2024-09-26 17:21:40.274Z,20873.864,,Sonde 230431024 GPS Aiding OK for all 12 of 12 messages.
AVAPS-LOG,2024-09-26 17:21:58.975Z,20892.565,2,Sonde 230431024 factory pressure error value is 0.000 mb
AVAPS-LOG,2024-09-26 17:22:00.805Z,20894.395,2,Sonde 230431024 Preview OK by operator
AVAPS-LOG,2024-09-26 17:22:05.465Z,20899.054,2,Sounding data collection started by operator
AVAPS-LOG,2024-09-26 17:22:15.016Z,20908.606,2,CHANNEL 2 READY for launch
AVAPS-LOG,2024-09-26 17:23:29.018Z,20982.608,1,Sonde 211010847 Launch Detect; Launch Time 2024-09-26 17:23:25.000; Dfile Name D20240926_172325.1
AVAPS-LOG,2024-09-26 17:23:29.040Z,20982.630,1,Sounding Launch Obs identified OK; LLA source is Aircraft Data System
AVAPS-LOG,2024-09-26 17:26:12.308Z,21145.898,3,Sounding START request
AVAPS-LOG,2024-09-26 17:26:12.572Z,21146.162,3,Sounding files created
AVAPS-LOG,2024-09-26 17:26:17.265Z,21150.854,3,Sounding frequency 404.22 selected by operator
AVAPS-LOG,2024-09-26 17:26:28.865Z,21162.455,,Sonde 225240114 GPS Aiding OK for all 12 of 12 messages.
AVAPS-LOG,2024-09-26 17:26:46.725Z,21180.315,3,Sonde 225240114 factory pressure error value is 0.000 mb
AVAPS-LOG,2024-09-26 17:26:48.534Z,21182.124,3,Sonde 225240114 Preview OK by operator
AVAPS-LOG,2024-09-26 17:26:53.164Z,21186.754,3,Sounding data collection started by operator
AVAPS-LOG,2024-09-26 17:27:03.016Z,21196.606,3,CHANNEL 3 READY for launch
AVAPS-LOG,2024-09-26 17:28:07.265Z,21260.855,2,Sonde 230431024 Launch Detect; Launch Time 2024-09-26 17:28:03.250; Dfile Name D20240926_172803.2
AVAPS-LOG,2024-09-26 17:28:07.266Z,21260.856,2,Sounding Launch Obs identified OK; LLA source is Aircraft Data System
AVAPS-LOG,2024-09-26 17:28:42.767Z,21296.357,4,Sounding START request
AVAPS-LOG,2024-09-26 17:28:43.173Z,21296.763,4,Sounding files created
AVAPS-LOG,2024-09-26 17:28:47.565Z,21301.155,4,Sounding frequency 404.82 selected by operator
AVAPS-LOG,2024-09-26 17:28:59.084Z,21312.674,,Sonde 233560359 GPS Aiding OK for all 12 of 12 messages.
AVAPS-LOG,2024-09-26 17:29:25.729Z,21339.319,4,Sonde 233560359 factory pressure error value is 0.000 mb
AVAPS-LOG,2024-09-26 17:29:27.548Z,21341.138,4,Sonde 233560359 Preview OK by operator
AVAPS-LOG,2024-09-26 17:29:32.165Z,21345.755,4,Sounding data collection started by operator
AVAPS-LOG,2024-09-26 17:29:42.016Z,21355.605,4,CHANNEL 4 READY for launch
AVAPS-LOG,2024-09-26 17:32:41.765Z,21535.355,3,Sonde 225240114 Launch Detect; Launch Time 2024-09-26 17:32:37.750; Dfile Name D20240926_173238.3
AVAPS-LOG,2024-09-26 17:32:41.766Z,21535.356,3,Sounding Launch Obs identified OK; LLA source is Aircraft Data System
AVAPS-LOG,2024-09-26 17:35:54.003Z,21727.593,5,Sounding START request
AVAPS-LOG,2024-09-26 17:35:54.373Z,21727.963,5,Sounding files created
AVAPS-LOG,2024-09-26 17:35:58.865Z,21732.454,5,Sounding frequency 405.62 selected by operator
AVAPS-LOG,2024-09-26 17:36:10.485Z,21744.075,,Sonde 211010203 GPS Aiding OK for all 11 of 11 messages.
AVAPS-LOG,2024-09-26 17:36:33.724Z,21767.314,5,Sonde 211010203 factory pressure error value is 0.000 mb
AVAPS-LOG,2024-09-26 17:36:35.536Z,21769.126,5,Sonde 211010203 Preview OK by operator
AVAPS-LOG,2024-09-26 17:36:37.665Z,21771.254,5,Sounding data collection started by operator
AVAPS-LOG,2024-09-26 17:36:47.016Z,21780.606,5,CHANNEL 5 READY for launch
AVAPS-LOG,2024-09-26 17:37:29.017Z,21822.606,4,Sonde 233560359 Launch Detect; Launch Time 2024-09-26 17:37:25.000; Dfile Name D20240926_173725.4
AVAPS-LOG,2024-09-26 17:37:29.096Z,21822.685,4,Sounding Launch Obs identified OK; LLA source is Aircraft Data System
AVAPS-LOG,2024-09-26 17:42:03.767Z,22097.357,1,Sounding STOP request
AVAPS-LOG,2024-09-26 17:42:23.422Z,22117.011,1,Sounding files closed
AVAPS-LOG,2024-09-26 17:42:23.427Z,22117.016,1,Sounding files renamed
AVAPS-LOG,2024-09-26 17:42:24.315Z,22117.905,1,Sounding ENDED
AVAPS-LOG,2024-09-26 17:46:09.171Z,22342.761,2,Sounding STOP request
AVAPS-LOG,2024-09-26 17:46:13.822Z,22347.412,2,Sounding files closed
AVAPS-LOG,2024-09-26 17:46:13.827Z,22347.417,2,Sounding files renamed
AVAPS-LOG,2024-09-26 17:46:14.675Z,22348.265,2,Sounding ENDED
AVAPS-LOG,2024-09-26 17:50:45.060Z,22618.650,6,Sounding START request
AVAPS-LOG,2024-09-26 17:50:45.372Z,22618.962,6,Sounding files created
AVAPS-LOG,2024-09-26 17:50:49.966Z,22623.555,6,Sounding frequency 403.62 selected by operator
AVAPS-LOG,2024-09-26 17:51:01.494Z,22635.084,,Sonde 230241173 GPS Aiding OK for all 11 of 11 messages.
AVAPS-LOG,2024-09-26 17:51:16.724Z,22650.314,6,Sonde 230241173 factory pressure error value is 0.000 mb
AVAPS-LOG,2024-09-26 17:51:18.547Z,22652.137,6,Sonde 230241173 Preview OK by operator
AVAPS-LOG,2024-09-26 17:51:20.966Z,22654.556,6,Sounding data collection started by operator
AVAPS-LOG,2024-09-26 17:51:30.014Z,22663.604,6,CHANNEL 6 READY for launch
AVAPS-LOG,2024-09-26 17:51:45.516Z,22679.106,5,Sonde 211010203 Launch Detect; Launch Time 2024-09-26 17:51:41.500; Dfile Name D20240926_175142.5
AVAPS-LOG,2024-09-26 17:51:45.516Z,22679.106,5,Sounding Launch Obs identified OK; LLA source is Aircraft Data System
AVAPS-LOG,2024-09-26 17:52:16.966Z,22710.556,3,Sounding STOP request
AVAPS-LOG,2024-09-26 17:52:22.831Z,22716.421,3,Sounding files closed
AVAPS-LOG,2024-09-26 17:52:22.837Z,22716.427,3,Sounding files renamed
AVAPS-LOG,2024-09-26 17:52:23.791Z,22717.381,3,Sounding ENDED
AVAPS-LOG,2024-09-26 17:53:35.870Z,22789.460,6,Sounding STOP request
AVAPS-LOG,2024-09-26 17:53:44.234Z,22797.824,6,Sounding files closed
AVAPS-LOG,2024-09-26 17:53:44.236Z,22797.826,6,Sounding files deleted
AVAPS-LOG,2024-09-26 17:53:44.237Z,22797.827,6,Sounding ENDED
AVAPS-LOG,2024-09-26 17:54:19.283Z,22832.873,4,Sounding STOP request
AVAPS-LOG,2024-09-26 17:54:26.231Z,22839.821,4,Sounding files closed
AVAPS-LOG,2024-09-26 17:54:26.237Z,22839.827,4,Sounding files renamed
AVAPS-LOG,2024-09-26 17:54:27.127Z,22840.717,4,Sounding ENDED
AVAPS-LOG,2024-09-26 18:21:57.597Z,24491.186,5,Sounding STOP request
AVAPS-LOG,2024-09-26 18:22:10.632Z,24504.222,5,Sounding files closed
AVAPS-LOG,2024-09-26 18:22:10.638Z,24504.228,5,Sounding files renamed
AVAPS-LOG,2024-09-26 18:22:11.607Z,24505.197,5,Sounding ENDED
AVAPS-LOG,2024-09-26 18:22:12.165Z,24505.755,1,Sounding START request
AVAPS-LOG,2024-09-26 18:22:12.570Z,24506.160,1,Sounding files created
AVAPS-LOG,2024-09-26 18:22:13.130Z,24506.719,,PC Clock set to: 2024-09-26 18:22:13.130 using GPS Reference Receiver data - PC Clock error was: -0.052 sec
AVAPS-LOG,2024-09-26 18:22:15.816Z,24509.405,1,Sounding frequency 403.62 selected by operator
AVAPS-LOG,2024-09-26 18:22:27.336Z,24520.925,,Sonde 211010869 GPS Aiding OK for all 12 of 12 messages.
AVAPS-LOG,2024-09-26 18:22:31.026Z,24524.616,1,Sonde 211010869 factory pressure error value is 0.000 mb
AVAPS-LOG,2024-09-26 18:22:32.906Z,24526.496,1,Sonde 211010869 Preview OK by operator
AVAPS-LOG,2024-09-26 18:22:36.117Z,24529.707,1,Sounding data collection started by operator
AVAPS-LOG,2024-09-26 18:22:46.017Z,24539.607,1,CHANNEL 1 READY for launch
AVAPS-LOG,2024-09-26 18:22:48.082Z,24541.672,2,Sounding START request
AVAPS-LOG,2024-09-26 18:22:48.423Z,24542.012,2,Sounding files created
AVAPS-LOG,2024-09-26 18:22:51.416Z,24545.006,2,Sounding frequency 404.02 selected by operator
AVAPS-LOG,2024-09-26 18:23:03.086Z,24556.676,,Sonde 230241173 GPS Aiding OK for all 12 of 12 messages.
AVAPS-LOG,2024-09-26 18:23:17.526Z,24571.115,2,Sonde 230241173 factory pressure error value is 0.000 mb
AVAPS-LOG,2024-09-26 18:23:19.345Z,24572.935,2,Sonde 230241173 Preview OK by operator
AVAPS-LOG,2024-09-26 18:23:21.215Z,24574.805,2,Sounding data collection started by operator
AVAPS-LOG,2024-09-26 18:23:31.017Z,24584.607,2,CHANNEL 2 READY for launch
AVAPS-LOG,2024-09-26 18:25:31.766Z,24705.356,1,Sonde 211010869 Launch Detect; Launch Time 2024-09-26 18:25:27.750; Dfile Name D20240926_182528.1
AVAPS-LOG,2024-09-26 18:25:31.767Z,24705.357,1,Sounding Launch Obs identified OK; LLA source is Aircraft Data System
AVAPS-LOG,2024-09-26 18:28:35.816Z,24889.406,3,Sounding START request
AVAPS-LOG,2024-09-26 18:28:36.223Z,24889.813,3,Sounding files created
AVAPS-LOG,2024-09-26 18:28:39.617Z,24893.207,3,Sounding frequency 404.62 selected by operator
AVAPS-LOG,2024-09-26 18:28:51.467Z,24905.056,,Sonde 233330491 GPS Aiding OK for all 13 of 13 messages.
AVAPS-LOG,2024-09-26 18:28:55.775Z,24909.365,3,Sonde 233330491 factory pressure error value is 0.000 mb
AVAPS-LOG,2024-09-26 18:28:57.588Z,24911.178,3,Sonde 233330491 Preview OK by operator
AVAPS-LOG,2024-09-26 18:28:59.615Z,24913.205,3,Sounding data collection started by operator
AVAPS-LOG,2024-09-26 18:29:09.017Z,24922.607,3,CHANNEL 3 READY for launch
AVAPS-LOG,2024-09-26 18:31:07.266Z,25040.856,2,Sonde 230241173 Launch Detect; Launch Time 2024-09-26 18:31:03.250; Dfile Name D20240926_183103.2
AVAPS-LOG,2024-09-26 18:31:07.267Z,25040.857,2,Sounding Launch Obs identified OK; LLA source is Aircraft Data System
AVAPS-LOG,2024-09-26 18:34:15.018Z,25228.608,3,Sonde 233330491 Launch Detect; Launch Time 2024-09-26 18:34:11.000; Dfile Name D20240926_183411.3
AVAPS-LOG,2024-09-26 18:34:15.019Z,25228.609,3,Sounding Launch Obs identified OK; LLA source is Aircraft Data System
AVAPS-LOG,2024-09-26 18:37:26.568Z,25420.158,4,Sounding START request
AVAPS-LOG,2024-09-26 18:37:26.825Z,25420.414,4,Sounding files created
AVAPS-LOG,2024-09-26 18:37:30.216Z,25423.805,4,Sounding frequency 405.02 selected by operator
AVAPS-LOG,2024-09-26 18:37:42.157Z,25435.746,,Sonde 233330963 GPS Aiding OK for all 13 of 13 messages.
AVAPS-LOG,2024-09-26 18:37:50.276Z,25443.866,4,Sonde 233330963 factory pressure error value is 0.000 mb
AVAPS-LOG,2024-09-26 18:37:52.097Z,25445.687,4,Sonde 233330963 Preview OK by operator
AVAPS-LOG,2024-09-26 18:37:57.516Z,25451.105,4,Sounding data collection started by operator
AVAPS-LOG,2024-09-26 18:38:07.017Z,25460.607,4,CHANNEL 4 READY for launch
AVAPS-LOG,2024-09-26 18:38:23.517Z,25477.106,4,Sonde 233330963 Launch Detect; Launch Time 2024-09-26 18:38:19.500; Dfile Name D20240926_183820.4
AVAPS-LOG,2024-09-26 18:38:23.518Z,25477.107,4,Sounding Launch Obs identified OK; LLA source is Aircraft Data System
AVAPS-LOG,2024-09-26 18:38:55.984Z,25509.574,5,Sounding START request
AVAPS-LOG,2024-09-26 18:38:56.223Z,25509.813,5,Sounding files created
AVAPS-LOG,2024-09-26 18:39:02.915Z,25516.505,5,Sounding frequency 402.42 selected by operator
AVAPS-LOG,2024-09-26 18:39:14.946Z,25528.536,,Sonde 233340702 GPS Aiding OK for all 13 of 13 messages.
AVAPS-LOG,2024-09-26 18:39:57.779Z,25571.369,5,Sonde 233340702 factory pressure error value is 0.000 mb
AVAPS-LOG,2024-09-26 18:39:59.599Z,25573.189,5,Sonde 233340702 Preview OK by operator
AVAPS-LOG,2024-09-26 18:40:12.916Z,25586.506,5,Sounding data collection started by operator
AVAPS-LOG,2024-09-26 18:40:22.016Z,25595.606,5,CHANNEL 5 READY for launch
AVAPS-LOG,2024-09-26 18:40:48.418Z,25622.008,6,Sounding START request
AVAPS-LOG,2024-09-26 18:40:48.826Z,25622.416,6,Sounding files created
AVAPS-LOG,2024-09-26 18:40:53.716Z,25627.306,6,Sounding frequency 402.02 selected by operator
AVAPS-LOG,2024-09-26 18:41:05.647Z,25639.237,,Sonde 233340713 GPS Aiding OK for all 13 of 13 messages.
AVAPS-LOG,2024-09-26 18:41:35.528Z,25669.118,6,Sonde 233340713 factory pressure error value is 0.000 mb
AVAPS-LOG,2024-09-26 18:41:37.347Z,25670.937,6,Sonde 233340713 Preview OK by operator
AVAPS-LOG,2024-09-26 18:41:40.317Z,25673.907,6,Sounding data collection started by operator
AVAPS-LOG,2024-09-26 18:41:50.016Z,25683.606,6,CHANNEL 6 READY for launch
AVAPS-LOG,2024-09-26 18:42:35.017Z,25728.606,5,Sonde 233340702 Launch Detect; Launch Time 2024-09-26 18:42:31.000; Dfile Name D20240926_184231.5
AVAPS-LOG,2024-09-26 18:42:35.018Z,25728.607,5,Sounding Launch Obs identified OK; LLA source is Aircraft Data System
AVAPS-LOG,2024-09-26 18:43:03.408Z,25756.998,1,Sounding STOP request
AVAPS-LOG,2024-09-26 18:43:13.695Z,25767.284,1,Sounding files closed
AVAPS-LOG,2024-09-26 18:43:13.700Z,25767.289,1,Sounding files renamed
AVAPS-LOG,2024-09-26 18:43:14.570Z,25768.159,1,Sounding ENDED
AVAPS-LOG,2024-09-26 18:48:12.018Z,26065.608,6,Sonde 233340713 Launch Detect; Launch Time 2024-09-26 18:48:08.000; Dfile Name D20240926_184808.6
AVAPS-LOG,2024-09-26 18:48:12.018Z,26065.608,6,Sounding Launch Obs identified OK; LLA source is Aircraft Data System
AVAPS-LOG,2024-09-26 18:48:54.753Z,26108.343,2,Sounding STOP request
AVAPS-LOG,2024-09-26 18:49:00.113Z,26113.703,2,Sounding files closed
AVAPS-LOG,2024-09-26 18:49:00.128Z,26113.718,2,Sounding files renamed
AVAPS-LOG,2024-09-26 18:49:01.026Z,26114.616,2,Sounding ENDED
AVAPS-LOG,2024-09-26 18:50:31.315Z,26204.904,7,Sounding START request
AVAPS-LOG,2024-09-26 18:50:31.624Z,26205.214,7,Sounding files created
AVAPS-LOG,2024-09-26 18:50:36.516Z,26210.106,7,Sounding frequency 400.42 selected by operator
AVAPS-LOG,2024-09-26 18:50:48.135Z,26221.725,,Sonde 233330501 GPS Aiding OK for all 12 of 12 messages.
AVAPS-LOG,2024-09-26 18:50:52.029Z,26225.618,7,Sonde 233330501 factory pressure error value is 0.000 mb
AVAPS-LOG,2024-09-26 18:50:53.847Z,26227.437,7,Sonde 233330501 Preview OK by operator
AVAPS-LOG,2024-09-26 18:50:55.516Z,26229.106,7,Sounding data collection started by operator
AVAPS-LOG,2024-09-26 18:51:05.018Z,26238.608,7,CHANNEL 7 READY for launch
AVAPS-LOG,2024-09-26 18:51:26.641Z,26260.230,8,Sounding START request
AVAPS-LOG,2024-09-26 18:51:27.025Z,26260.615,8,Sounding files created
AVAPS-LOG,2024-09-26 18:51:43.016Z,26276.606,8,Sounding frequency 403.42 selected by operator
AVAPS-LOG,2024-09-26 18:51:54.996Z,26288.585,,Sonde 233340175 GPS Aiding OK for all 12 of 12 messages.
AVAPS-LOG,2024-09-26 18:52:16.780Z,26310.370,8,Sonde 233340175 factory pressure error value is 0.000 mb
AVAPS-LOG,2024-09-26 18:52:18.599Z,26312.189,8,Sonde 233340175 Preview OK by operator
AVAPS-LOG,2024-09-26 18:52:20.816Z,26314.406,8,Sounding data collection started by operator
AVAPS-LOG,2024-09-26 18:52:30.017Z,26323.607,8,CHANNEL 8 READY for launch
AVAPS-LOG,2024-09-26 18:53:56.018Z,26409.608,8,Sonde 233340175 Launch Detect; Launch Time 2024-09-26 18:53:52.000; Dfile Name D20240926_185352.8
AVAPS-LOG,2024-09-26 18:53:56.018Z,26409.608,8,Sounding Launch Obs identified OK; LLA source is Aircraft Data System
AVAPS-LOG,2024-09-26 18:54:12.384Z,26425.974,1,Sounding START request
AVAPS-LOG,2024-09-26 18:54:12.624Z,26426.213,1,Sounding files created
AVAPS-LOG,2024-09-26 18:54:16.815Z,26430.405,1,Sounding frequency 404.22 selected by operator
AVAPS-LOG,2024-09-26 18:54:28.116Z,26441.706,,Sonde 233330968 GPS Aiding OK for all 11 of 11 messages.
AVAPS-LOG,2024-09-26 18:54:32.277Z,26445.866,1,Sonde 233330968 factory pressure error value is 0.000 mb
AVAPS-LOG,2024-09-26 18:54:34.098Z,26447.688,1,Sonde 233330968 Preview OK by operator
AVAPS-LOG,2024-09-26 18:54:36.917Z,26450.506,1,Sounding data collection started by operator
AVAPS-LOG,2024-09-26 18:54:46.017Z,26459.607,1,CHANNEL 1 READY for launch
AVAPS-LOG,2024-09-26 18:55:20.019Z,26493.609,2,Sounding START request
AVAPS-LOG,2024-09-26 18:55:20.423Z,26494.013,2,Sounding files created
AVAPS-LOG,2024-09-26 18:55:26.616Z,26500.206,2,Sounding frequency 401.62 selected by operator
AVAPS-LOG,2024-09-26 18:55:44.605Z,26518.195,,Sonde 233330497 GPS Aiding OK for all 11 of 11 messages.
AVAPS-LOG,2024-09-26 18:55:52.278Z,26525.867,2,Sonde 233330497 factory pressure error value is 0.000 mb
AVAPS-LOG,2024-09-26 18:55:54.099Z,26527.689,2,Sonde 233330497 Preview OK by operator
AVAPS-LOG,2024-09-26 18:55:56.416Z,26530.006,2,Sounding data collection started by operator
AVAPS-LOG,2024-09-26 18:56:05.833Z,26539.422,3,Sounding STOP request
AVAPS-LOG,2024-09-26 18:56:06.018Z,26539.608,2,CHANNEL 2 READY for launch
AVAPS-LOG,2024-09-26 18:56:11.253Z,26544.843,3,Sounding files closed
AVAPS-LOG,2024-09-26 18:56:11.258Z,26544.848,3,Sounding files renamed
AVAPS-LOG,2024-09-26 18:56:12.186Z,26545.776,3,Sounding ENDED
AVAPS-LOG,2024-09-26 18:56:13.361Z,26546.951,4,Sounding STOP request
AVAPS-LOG,2024-09-26 18:56:17.697Z,26551.287,4,Sounding files closed
AVAPS-LOG,2024-09-26 18:56:17.701Z,26551.291,4,Sounding files renamed
AVAPS-LOG,2024-09-26 18:56:18.613Z,26552.203,4,Sounding ENDED
AVAPS-LOG,2024-09-26 18:58:14.018Z,26667.608,1,Sonde 233330968 Launch Detect; Launch Time 2024-09-26 18:58:10.000; Dfile Name D20240926_185810.1
AVAPS-LOG,2024-09-26 18:58:14.019Z,26667.609,1,Sounding Launch Obs identified OK; LLA source is Aircraft Data System
AVAPS-LOG,2024-09-26 18:58:43.993Z,26697.583,3,Sounding START request
AVAPS-LOG,2024-09-26 18:58:44.225Z,26697.814,3,Sounding files created
AVAPS-LOG,2024-09-26 18:58:49.616Z,26703.205,3,Sounding frequency 404.82 selected by operator
AVAPS-LOG,2024-09-26 18:59:01.697Z,26715.287,,Sonde 233460716 GPS Aiding OK for all 11 of 11 messages.
AVAPS-LOG,2024-09-26 18:59:06.528Z,26720.118,3,Sonde 233460716 factory pressure error value is 0.000 mb
AVAPS-LOG,2024-09-26 18:59:08.349Z,26721.939,3,Sonde 233460716 Preview OK by operator
AVAPS-LOG,2024-09-26 18:59:36.915Z,26750.505,3,Sounding data collection started by operator
AVAPS-LOG,2024-09-26 18:59:46.018Z,26759.608,3,CHANNEL 3 READY for launch
AVAPS-LOG,2024-09-26 19:00:21.897Z,26795.487,5,Sounding STOP request
AVAPS-LOG,2024-09-26 19:00:28.690Z,26802.280,5,Sounding files closed
AVAPS-LOG,2024-09-26 19:00:28.695Z,26802.285,5,Sounding files renamed
AVAPS-LOG,2024-09-26 19:00:29.580Z,26803.170,5,Sounding ENDED
AVAPS-LOG,2024-09-26 19:02:06.019Z,26899.609,4,Sounding START request
AVAPS-LOG,2024-09-26 19:02:06.425Z,26900.015,4,Sounding files created
AVAPS-LOG,2024-09-26 19:02:13.217Z,26906.807,4,Sounding frequency 405.22 selected by operator
AVAPS-LOG,2024-09-26 19:02:24.616Z,26918.206,,Sonde 233340697 GPS Aiding OK for all 11 of 11 messages.
AVAPS-LOG,2024-09-26 19:02:29.528Z,26923.118,4,Sonde 233340697 factory pressure error value is 0.000 mb
AVAPS-LOG,2024-09-26 19:02:31.347Z,26924.937,4,Sonde 233340697 Preview OK by operator
AVAPS-LOG,2024-09-26 19:02:33.716Z,26927.306,4,Sounding data collection started by operator
AVAPS-LOG,2024-09-26 19:02:43.018Z,26936.607,4,CHANNEL 4 READY for launch
AVAPS-LOG,2024-09-26 19:03:15.518Z,26969.108,2,Sonde 233330497 Launch Detect; Launch Time 2024-09-26 19:03:11.500; Dfile Name D20240926_190312.2
AVAPS-LOG,2024-09-26 19:03:15.519Z,26969.109,2,Sounding Launch Obs identified OK; LLA source is Aircraft Data System
AVAPS-LOG,2024-09-26 19:06:09.117Z,27142.707,6,Sounding STOP request
AVAPS-LOG,2024-09-26 19:06:14.695Z,27148.284,6,Sounding files closed
AVAPS-LOG,2024-09-26 19:06:14.699Z,27148.288,6,Sounding files renamed
AVAPS-LOG,2024-09-26 19:06:15.673Z,27149.262,6,Sounding ENDED
AVAPS-LOG,2024-09-26 19:08:13.267Z,27266.857,3,Sonde 233460716 Launch Detect; Launch Time 2024-09-26 19:08:09.250; Dfile Name D20240926_190809.3
AVAPS-LOG,2024-09-26 19:08:13.267Z,27266.857,3,Sounding Launch Obs identified OK; LLA source is Aircraft Data System
AVAPS-LOG,2024-09-26 19:09:41.282Z,27354.872,5,Sounding START request
AVAPS-LOG,2024-09-26 19:09:41.623Z,27355.213,5,Sounding files created
AVAPS-LOG,2024-09-26 19:09:47.916Z,27361.505,5,Sounding frequency 405.82 selected by operator
AVAPS-LOG,2024-09-26 19:09:59.117Z,27372.706,,Sonde 233340717 GPS Aiding OK for all 10 of 10 messages.
AVAPS-LOG,2024-09-26 19:10:03.776Z,27377.366,5,Sonde 233340717 factory pressure error value is 0.000 mb
AVAPS-LOG,2024-09-26 19:10:05.589Z,27379.179,5,Sonde 233340717 Preview OK by operator
AVAPS-LOG,2024-09-26 19:10:08.916Z,27382.506,5,Sounding data collection started by operator
AVAPS-LOG,2024-09-26 19:10:18.018Z,27391.608,5,CHANNEL 5 READY for launch
AVAPS-LOG,2024-09-26 19:11:16.223Z,27449.813,7,Sounding STOP request
AVAPS-LOG,2024-09-26 19:11:23.892Z,27457.482,7,Sounding files closed
AVAPS-LOG,2024-09-26 19:11:23.896Z,27457.486,7,Sounding files renamed
AVAPS-LOG,2024-09-26 19:11:24.274Z,27457.864,7,Sounding ENDED
AVAPS-LOG,2024-09-26 19:11:27.793Z,27461.383,8,Sounding STOP request
AVAPS-LOG,2024-09-26 19:11:33.497Z,27467.087,8,Sounding files closed
AVAPS-LOG,2024-09-26 19:11:33.503Z,27467.092,8,Sounding files renamed
AVAPS-LOG,2024-09-26 19:11:34.405Z,27467.994,8,Sounding ENDED
AVAPS-LOG,2024-09-26 19:12:49.767Z,27543.357,4,Sonde 233340697 Launch Detect; Launch Time 2024-09-26 19:12:45.750; Dfile Name D20240926_191246.4
AVAPS-LOG,2024-09-26 19:12:49.767Z,27543.357,4,Sounding Launch Obs identified OK; LLA source is Aircraft Data System
AVAPS-LOG,2024-09-26 19:13:45.059Z,27598.649,6,Sounding START request
AVAPS-LOG,2024-09-26 19:13:45.424Z,27599.013,6,Sounding files created
AVAPS-LOG,2024-09-26 19:13:52.016Z,27605.605,6,Sounding frequency 403.62 selected by operator
AVAPS-LOG,2024-09-26 19:14:03.207Z,27616.797,,Sonde 233340709 GPS Aiding OK for all 10 of 10 messages.
AVAPS-LOG,2024-09-26 19:14:11.276Z,27624.866,6,Sonde 233340709 factory pressure error value is 0.000 mb
AVAPS-LOG,2024-09-26 19:14:13.087Z,27626.677,6,Sonde 233340709 Preview OK by operator
AVAPS-LOG,2024-09-26 19:14:22.917Z,27636.507,6,Sounding data collection started by operator
AVAPS-LOG,2024-09-26 19:14:32.016Z,27645.606,6,CHANNEL 6 READY for launch
AVAPS-LOG,2024-09-26 19:17:49.518Z,27843.108,5,Sonde 233340717 Launch Detect; Launch Time 2024-09-26 19:17:45.500; Dfile Name D20240926_191746.5
AVAPS-LOG,2024-09-26 19:17:49.519Z,27843.109,5,Sounding Launch Obs identified OK; LLA source is Aircraft Data System
AVAPS-LOG,2024-09-26 19:23:43.018Z,28196.608,6,Sonde 233340709 Launch Detect; Launch Time 2024-09-26 19:23:39.000; Dfile Name D20240926_192339.6
AVAPS-LOG,2024-09-26 19:23:43.018Z,28196.608,6,Sounding Launch Obs identified OK; LLA source is Aircraft Data System
AVAPS-LOG,2024-09-26 19:24:24.022Z,28237.612,7,Sounding START request
AVAPS-LOG,2024-09-26 19:24:24.425Z,28238.015,7,Sounding files created
AVAPS-LOG,2024-09-26 19:24:28.816Z,28242.405,7,Sounding frequency 402.42 selected by operator
AVAPS-LOG,2024-09-26 19:24:40.037Z,28253.627,,Sonde 233340718 GPS Aiding OK for all 10 of 10 messages.
AVAPS-LOG,2024-09-26 19:24:45.029Z,28258.619,7,Sonde 233340718 factory pressure error value is 0.000 mb
AVAPS-LOG,2024-09-26 19:24:46.847Z,28260.437,7,Sonde 233340718 Preview OK by operator
AVAPS-LOG,2024-09-26 19:24:50.516Z,28264.105,7,Sounding data collection started by operator
AVAPS-LOG,2024-09-26 19:25:00.017Z,28273.607,7,CHANNEL 7 READY for launch
AVAPS-LOG,2024-09-26 19:25:08.018Z,28281.608,1,Sounding STOP request
AVAPS-LOG,2024-09-26 19:25:15.482Z,28289.072,1,Sounding files closed
AVAPS-LOG,2024-09-26 19:25:15.486Z,28289.076,1,Sounding files renamed
AVAPS-LOG,2024-09-26 19:25:16.482Z,28290.072,1,Sounding ENDED
AVAPS-LOG,2024-09-26 19:25:20.385Z,28293.975,2,Sounding STOP request
AVAPS-LOG,2024-09-26 19:25:26.883Z,28300.473,2,Sounding files closed
AVAPS-LOG,2024-09-26 19:25:26.889Z,28300.479,2,Sounding files renamed
AVAPS-LOG,2024-09-26 19:25:27.857Z,28301.447,2,Sounding ENDED
AVAPS-LOG,2024-09-26 19:25:30.505Z,28304.095,3,Sounding STOP request
AVAPS-LOG,2024-09-26 19:25:36.500Z,28310.090,3,Sounding files closed
AVAPS-LOG,2024-09-26 19:25:36.504Z,28310.094,3,Sounding files renamed
AVAPS-LOG,2024-09-26 19:25:37.457Z,28311.047,3,Sounding ENDED
AVAPS-LOG,2024-09-26 19:28:21.767Z,28475.356,7,Sonde 233340718 Launch Detect; Launch Time 2024-09-26 19:28:17.750; Dfile Name D20240926_192818.7
AVAPS-LOG,2024-09-26 19:28:21.767Z,28475.356,7,Sounding Launch Obs identified OK; LLA source is Aircraft Data System
AVAPS-LOG,2024-09-26 19:33:12.817Z,28766.407,4,Sounding STOP request
AVAPS-LOG,2024-09-26 19:33:18.661Z,28772.251,4,Sounding files closed
AVAPS-LOG,2024-09-26 19:33:18.665Z,28772.255,4,Sounding files renamed
AVAPS-LOG,2024-09-26 19:33:19.641Z,28773.231,4,Sounding ENDED
AVAPS-LOG,2024-09-26 19:34:27.879Z,28841.469,5,Sounding STOP request
AVAPS-LOG,2024-09-26 19:34:32.459Z,28846.049,5,Sounding files closed
AVAPS-LOG,2024-09-26 19:34:32.463Z,28846.053,5,Sounding files renamed
AVAPS-LOG,2024-09-26 19:34:33.319Z,28846.909,5,Sounding ENDED
AVAPS-LOG,2024-09-26 19:54:41.616Z,30055.206,6,Sounding STOP request
AVAPS-LOG,2024-09-26 19:54:52.858Z,30066.448,6,Sounding files closed
AVAPS-LOG,2024-09-26 19:54:52.863Z,30066.453,6,Sounding files renamed
AVAPS-LOG,2024-09-26 19:54:53.793Z,30067.383,6,Sounding ENDED
AVAPS-LOG,2024-09-26 19:54:54.437Z,30068.027,7,Sounding STOP request
AVAPS-LOG,2024-09-26 19:55:02.126Z,30075.716,7,Sounding files closed
AVAPS-LOG,2024-09-26 19:55:02.130Z,30075.720,7,Sounding files renamed
AVAPS-LOG,2024-09-26 19:55:03.001Z,30076.590,7,Sounding ENDED
AVAPS-LOG,2024-09-26 19:55:06.733Z,30080.323,,Sounding Supervisor program ended by operator
AVAPS-LOG,2024-09-26 19:55:06.816Z,30080.406,,GPS Reference Data Acq (NMEA) program ended
AVAPS-LOG,2024-09-26 19:55:07.085Z,30080.675,,Spectrum Analyzer program ended
AVAPS-LOG,2024-09-26 19:55:08.324Z,30081.914,,Aircraft Data Acq program ended
AVAPS-LOG,2024-09-26 19:55:08.428Z,30082.018,,Soundings Loader program ended
